CREATE TABLE IF NOT EXISTS "BlogApp_blogcategory" ("id" integer NOT NULL PRIMARY KEY AUTOINCREMENT, "name" varchar(255) NOT NULL, "description" text NOT NULL, "slug" varchar(50) NOT NULL UNIQUE);
INSERT INTO "BlogApp_blogcategory" VALUES(1,'Python','Explore the world of Python programming with our comprehensive tutorials, coding challenges, and practical examples. Whether you''re a beginner or an advanced coder, our Python category offers a wealth of resources to help you master this versatile language. Learn the fundamentals, dive into advanced topics, and stay updated with the latest trends and techniques in Python development.','python');
CREATE UNIQUE INDEX "auth_group_permissions_group_id_permission_id_0cd325b0_uniq" ON "auth_group_permissions" ("group_id", "permission_id");
CREATE INDEX IF NOT EXISTS "auth_group_permissions_group_id_b120cbf9" ON "auth_group_permissions" ("group_id");
CREATE INDEX IF NOT EXISTS "auth_group_permissions_permission_id_84c5c92e" ON "auth_group_permissions" ("permission_id");
CREATE UNIQUE INDEX "auth_user_groups_user_id_group_id_94350c0c_uniq" ON "auth_user_groups" ("user_id", "group_id");
CREATE INDEX IF NOT EXISTS "auth_user_groups_user_id_6a12ed8b" ON "auth_user_groups" ("user_id");
CREATE INDEX IF NOT EXISTS "auth_user_groups_group_id_97559544" ON "auth_user_groups" ("group_id");
CREATE UNIQUE INDEX "auth_user_user_permissions_user_id_permission_id_14a6b632_uniq" ON "auth_user_user_permissions" ("user_id", "permission_id");
CREATE INDEX IF NOT EXISTS "auth_user_user_permissions_user_id_a95ead1b" ON "auth_user_user_permissions" ("user_id");
CREATE INDEX IF NOT EXISTS "auth_user_user_permissions_permission_id_1fbb5f2c" ON "auth_user_user_permissions" ("permission_id");
CREATE INDEX IF NOT EXISTS "django_admin_log_content_type_id_c4bce8eb" ON "django_admin_log" ("content_type_id");
CREATE INDEX IF NOT EXISTS "django_admin_log_user_id_c564eba6" ON "django_admin_log" ("user_id");
CREATE UNIQUE INDEX "django_content_type_app_label_model_76bd3d3b_uniq" ON "django_content_type" ("app_label", "model");
CREATE UNIQUE INDEX "auth_permission_content_type_id_codename_01ab375a_uniq" ON "auth_permission" ("content_type_id", "codename");
CREATE INDEX IF NOT EXISTS "auth_permission_content_type_id_2f476e4b" ON "auth_permission" ("content_type_id");
CREATE INDEX IF NOT EXISTS "django_session_expire_date_a5c62663" ON "django_session" ("expire_date");
CREATE INDEX IF NOT EXISTS "projects_project_category_id_708edb98" ON "projects_project" ("category_id");
CREATE UNIQUE INDEX "services_service_process_service_id_serviceprocess_id_2bfd1b5f_uniq" ON "services_service_process" ("service_id", "serviceprocess_id");
CREATE INDEX IF NOT EXISTS "services_service_process_service_id_d7527454" ON "services_service_process" ("service_id");
CREATE INDEX IF NOT EXISTS "services_service_process_serviceprocess_id_37f8f061" ON "services_service_process" ("serviceprocess_id");
CREATE UNIQUE INDEX "projects_project_features_project_id_projectfeatures_id_ff03286c_uniq" ON "projects_project_features" ("project_id", "projectfeatures_id");
CREATE INDEX IF NOT EXISTS "projects_project_features_project_id_893316a3" ON "projects_project_features" ("project_id");
CREATE INDEX IF NOT EXISTS "projects_project_features_projectfeatures_id_f42b40c2" ON "projects_project_features" ("projectfeatures_id");
CREATE INDEX IF NOT EXISTS "blogs_blogtable_category_id_d15ed988" ON "blogs_blogtable" ("category_id");
CREATE UNIQUE INDEX "projects_project_Applications_project_id_projectapplications_id_bc721cc5_uniq" ON "projects_project_Applications" ("project_id", "projectapplications_id");
CREATE INDEX IF NOT EXISTS "projects_project_Applications_project_id_debac6dd" ON "projects_project_Applications" ("project_id");
CREATE INDEX IF NOT EXISTS "projects_project_Applications_projectapplications_id_47c279ce" ON "projects_project_Applications" ("projectapplications_id");
CREATE UNIQUE INDEX "BlogApp_blogtable_process_blogtable_id_steps_id_99e9bd9c_uniq" ON "BlogApp_blogtable_process" ("blogtable_id", "steps_id");
CREATE INDEX IF NOT EXISTS "BlogApp_blogtable_process_blogtable_id_75de20f4" ON "BlogApp_blogtable_process" ("blogtable_id");
CREATE INDEX IF NOT EXISTS "BlogApp_blogtable_process_steps_id_e42a7e5c" ON "BlogApp_blogtable_process" ("steps_id");
CREATE INDEX IF NOT EXISTS "BlogApp_blogtable_category_id_3d0254c1" ON "BlogApp_blogtable" ("category_id");
CREATE TABLE IF NOT EXISTS "BlogApp_blogtable" ("id" integer NOT NULL PRIMARY KEY AUTOINCREMENT, "meta_title" varchar(255) NOT NULL, "meta_description" text NOT NULL, "long_description" text NOT NULL, "code" text NULL, "image" varchar(100) NULL, "slug" varchar(50) NOT NULL UNIQUE, "date_time" datetime NOT NULL, "category_id" bigint NOT NULL REFERENCES "BlogApp_blogcategory" ("id") DEFERRABLE INITIALLY DEFERRED, "author" varchar(255) NOT NULL, "conclusion" text NULL);
INSERT INTO "BlogApp_blogtable" VALUES(1,'How to Install Python on Your PC, Computer, Laptop, and System','A step-by-step guide on how to install Python on your PC, computer, laptop, and system. Follow these simple instructions to get Python up and running.','Installing Python on your system is the first step towards exploring the world of programming with this versatile language. Whether you are using a PC, computer, laptop, or any other system, this guide will walk you through the installation process.','# A simple Python script to verify the installation<br>
print("Hello, Python is successfully installed!")','blogs/How_to_Install_Python_on_Your_PC_Computer_Laptop_and_System_1.jpg','how-to-install-python','2024-07-09 19:19:27.420859',1,'codeAj','By following these simple steps, you can install Python on your system and start your journey into the world of programming. Python''s simplicity and versatility make it an excellent choice for beginners and experienced developers alike. Once installed, you can explore various libraries and frameworks that Python has to offer, making it a powerful tool for web development, data analysis, artificial intelligence, and more. Happy coding!');
CREATE UNIQUE INDEX "auth_group_permissions_group_id_permission_id_0cd325b0_uniq" ON "auth_group_permissions" ("group_id", "permission_id");
CREATE INDEX IF NOT EXISTS "auth_group_permissions_group_id_b120cbf9" ON "auth_group_permissions" ("group_id");
CREATE INDEX IF NOT EXISTS "auth_group_permissions_permission_id_84c5c92e" ON "auth_group_permissions" ("permission_id");
CREATE UNIQUE INDEX "auth_user_groups_user_id_group_id_94350c0c_uniq" ON "auth_user_groups" ("user_id", "group_id");
CREATE INDEX IF NOT EXISTS "auth_user_groups_user_id_6a12ed8b" ON "auth_user_groups" ("user_id");
CREATE INDEX IF NOT EXISTS "auth_user_groups_group_id_97559544" ON "auth_user_groups" ("group_id");
CREATE UNIQUE INDEX "auth_user_user_permissions_user_id_permission_id_14a6b632_uniq" ON "auth_user_user_permissions" ("user_id", "permission_id");
CREATE INDEX IF NOT EXISTS "auth_user_user_permissions_user_id_a95ead1b" ON "auth_user_user_permissions" ("user_id");
CREATE INDEX IF NOT EXISTS "auth_user_user_permissions_permission_id_1fbb5f2c" ON "auth_user_user_permissions" ("permission_id");
CREATE INDEX IF NOT EXISTS "django_admin_log_content_type_id_c4bce8eb" ON "django_admin_log" ("content_type_id");
CREATE INDEX IF NOT EXISTS "django_admin_log_user_id_c564eba6" ON "django_admin_log" ("user_id");
CREATE UNIQUE INDEX "django_content_type_app_label_model_76bd3d3b_uniq" ON "django_content_type" ("app_label", "model");
CREATE UNIQUE INDEX "auth_permission_content_type_id_codename_01ab375a_uniq" ON "auth_permission" ("content_type_id", "codename");
CREATE INDEX IF NOT EXISTS "auth_permission_content_type_id_2f476e4b" ON "auth_permission" ("content_type_id");
CREATE INDEX IF NOT EXISTS "django_session_expire_date_a5c62663" ON "django_session" ("expire_date");
CREATE INDEX IF NOT EXISTS "projects_project_category_id_708edb98" ON "projects_project" ("category_id");
CREATE UNIQUE INDEX "services_service_process_service_id_serviceprocess_id_2bfd1b5f_uniq" ON "services_service_process" ("service_id", "serviceprocess_id");
CREATE INDEX IF NOT EXISTS "services_service_process_service_id_d7527454" ON "services_service_process" ("service_id");
CREATE INDEX IF NOT EXISTS "services_service_process_serviceprocess_id_37f8f061" ON "services_service_process" ("serviceprocess_id");
CREATE UNIQUE INDEX "projects_project_features_project_id_projectfeatures_id_ff03286c_uniq" ON "projects_project_features" ("project_id", "projectfeatures_id");
CREATE INDEX IF NOT EXISTS "projects_project_features_project_id_893316a3" ON "projects_project_features" ("project_id");
CREATE INDEX IF NOT EXISTS "projects_project_features_projectfeatures_id_f42b40c2" ON "projects_project_features" ("projectfeatures_id");
CREATE INDEX IF NOT EXISTS "blogs_blogtable_category_id_d15ed988" ON "blogs_blogtable" ("category_id");
CREATE UNIQUE INDEX "projects_project_Applications_project_id_projectapplications_id_bc721cc5_uniq" ON "projects_project_Applications" ("project_id", "projectapplications_id");
CREATE INDEX IF NOT EXISTS "projects_project_Applications_project_id_debac6dd" ON "projects_project_Applications" ("project_id");
CREATE INDEX IF NOT EXISTS "projects_project_Applications_projectapplications_id_47c279ce" ON "projects_project_Applications" ("projectapplications_id");
CREATE UNIQUE INDEX "BlogApp_blogtable_process_blogtable_id_steps_id_99e9bd9c_uniq" ON "BlogApp_blogtable_process" ("blogtable_id", "steps_id");
CREATE INDEX IF NOT EXISTS "BlogApp_blogtable_process_blogtable_id_75de20f4" ON "BlogApp_blogtable_process" ("blogtable_id");
CREATE INDEX IF NOT EXISTS "BlogApp_blogtable_process_steps_id_e42a7e5c" ON "BlogApp_blogtable_process" ("steps_id");
CREATE INDEX IF NOT EXISTS "BlogApp_blogtable_category_id_3d0254c1" ON "BlogApp_blogtable" ("category_id");
CREATE TABLE IF NOT EXISTS "BlogApp_blogtable_process" ("id" integer NOT NULL PRIMARY KEY AUTOINCREMENT, "blogtable_id" bigint NOT NULL REFERENCES "BlogApp_blogtable" ("id") DEFERRABLE INITIALLY DEFERRED, "steps_id" bigint NOT NULL REFERENCES "BlogApp_steps" ("id") DEFERRABLE INITIALLY DEFERRED);
INSERT INTO "BlogApp_blogtable_process" VALUES(1,1,1);
INSERT INTO "BlogApp_blogtable_process" VALUES(2,1,2);
INSERT INTO "BlogApp_blogtable_process" VALUES(3,1,3);
INSERT INTO "BlogApp_blogtable_process" VALUES(4,1,4);
CREATE UNIQUE INDEX "auth_group_permissions_group_id_permission_id_0cd325b0_uniq" ON "auth_group_permissions" ("group_id", "permission_id");
CREATE INDEX IF NOT EXISTS "auth_group_permissions_group_id_b120cbf9" ON "auth_group_permissions" ("group_id");
CREATE INDEX IF NOT EXISTS "auth_group_permissions_permission_id_84c5c92e" ON "auth_group_permissions" ("permission_id");
CREATE UNIQUE INDEX "auth_user_groups_user_id_group_id_94350c0c_uniq" ON "auth_user_groups" ("user_id", "group_id");
CREATE INDEX IF NOT EXISTS "auth_user_groups_user_id_6a12ed8b" ON "auth_user_groups" ("user_id");
CREATE INDEX IF NOT EXISTS "auth_user_groups_group_id_97559544" ON "auth_user_groups" ("group_id");
CREATE UNIQUE INDEX "auth_user_user_permissions_user_id_permission_id_14a6b632_uniq" ON "auth_user_user_permissions" ("user_id", "permission_id");
CREATE INDEX IF NOT EXISTS "auth_user_user_permissions_user_id_a95ead1b" ON "auth_user_user_permissions" ("user_id");
CREATE INDEX IF NOT EXISTS "auth_user_user_permissions_permission_id_1fbb5f2c" ON "auth_user_user_permissions" ("permission_id");
CREATE INDEX IF NOT EXISTS "django_admin_log_content_type_id_c4bce8eb" ON "django_admin_log" ("content_type_id");
CREATE INDEX IF NOT EXISTS "django_admin_log_user_id_c564eba6" ON "django_admin_log" ("user_id");
CREATE UNIQUE INDEX "django_content_type_app_label_model_76bd3d3b_uniq" ON "django_content_type" ("app_label", "model");
CREATE UNIQUE INDEX "auth_permission_content_type_id_codename_01ab375a_uniq" ON "auth_permission" ("content_type_id", "codename");
CREATE INDEX IF NOT EXISTS "auth_permission_content_type_id_2f476e4b" ON "auth_permission" ("content_type_id");
CREATE INDEX IF NOT EXISTS "django_session_expire_date_a5c62663" ON "django_session" ("expire_date");
CREATE INDEX IF NOT EXISTS "projects_project_category_id_708edb98" ON "projects_project" ("category_id");
CREATE UNIQUE INDEX "services_service_process_service_id_serviceprocess_id_2bfd1b5f_uniq" ON "services_service_process" ("service_id", "serviceprocess_id");
CREATE INDEX IF NOT EXISTS "services_service_process_service_id_d7527454" ON "services_service_process" ("service_id");
CREATE INDEX IF NOT EXISTS "services_service_process_serviceprocess_id_37f8f061" ON "services_service_process" ("serviceprocess_id");
CREATE UNIQUE INDEX "projects_project_features_project_id_projectfeatures_id_ff03286c_uniq" ON "projects_project_features" ("project_id", "projectfeatures_id");
CREATE INDEX IF NOT EXISTS "projects_project_features_project_id_893316a3" ON "projects_project_features" ("project_id");
CREATE INDEX IF NOT EXISTS "projects_project_features_projectfeatures_id_f42b40c2" ON "projects_project_features" ("projectfeatures_id");
CREATE INDEX IF NOT EXISTS "blogs_blogtable_category_id_d15ed988" ON "blogs_blogtable" ("category_id");
CREATE UNIQUE INDEX "projects_project_Applications_project_id_projectapplications_id_bc721cc5_uniq" ON "projects_project_Applications" ("project_id", "projectapplications_id");
CREATE INDEX IF NOT EXISTS "projects_project_Applications_project_id_debac6dd" ON "projects_project_Applications" ("project_id");
CREATE INDEX IF NOT EXISTS "projects_project_Applications_projectapplications_id_47c279ce" ON "projects_project_Applications" ("projectapplications_id");
CREATE UNIQUE INDEX "BlogApp_blogtable_process_blogtable_id_steps_id_99e9bd9c_uniq" ON "BlogApp_blogtable_process" ("blogtable_id", "steps_id");
CREATE INDEX IF NOT EXISTS "BlogApp_blogtable_process_blogtable_id_75de20f4" ON "BlogApp_blogtable_process" ("blogtable_id");
CREATE INDEX IF NOT EXISTS "BlogApp_blogtable_process_steps_id_e42a7e5c" ON "BlogApp_blogtable_process" ("steps_id");
CREATE INDEX IF NOT EXISTS "BlogApp_blogtable_category_id_3d0254c1" ON "BlogApp_blogtable" ("category_id");
CREATE TABLE IF NOT EXISTS "BlogApp_steps" ("id" integer NOT NULL PRIMARY KEY AUTOINCREMENT, "image" varchar(100) NULL, "title" varchar(255) NULL, "description" text NULL, "code" text NULL);
INSERT INTO "BlogApp_steps" VALUES(1,'blog_steps/Screenshot_75.png','Download Python','Open your web browser and go to the official Python website. Navigate to the Downloads section and choose the version of Python you want to install. Click on the download link for your operating system (Windows, macOS, or Linux).','');
INSERT INTO "BlogApp_steps" VALUES(2,'blog_steps/Screenshot_78.png','Run the Installer','Locate the downloaded installer file on your computer and double-click to run it. On the first screen, check the box to add Python to PATH. Click on "Install Now" to start the installation process.','');
INSERT INTO "BlogApp_steps" VALUES(3,'blog_steps/Screenshot_79.png','Verify the Installation','Open the command prompt (Windows) or terminal (macOS/Linux) and type python --version to verify the installation. You should see the installed Python version displayed.','');
INSERT INTO "BlogApp_steps" VALUES(4,'blog_steps/Screenshot_80.png','Install an IDE','Download and install an IDE such as PyCharm, Visual Studio Code, or Jupyter Notebook to write and run your Python code. Configure the IDE to use the installed Python interpreter.','');
CREATE UNIQUE INDEX "auth_group_permissions_group_id_permission_id_0cd325b0_uniq" ON "auth_group_permissions" ("group_id", "permission_id");
CREATE INDEX IF NOT EXISTS "auth_group_permissions_group_id_b120cbf9" ON "auth_group_permissions" ("group_id");
CREATE INDEX IF NOT EXISTS "auth_group_permissions_permission_id_84c5c92e" ON "auth_group_permissions" ("permission_id");
CREATE UNIQUE INDEX "auth_user_groups_user_id_group_id_94350c0c_uniq" ON "auth_user_groups" ("user_id", "group_id");
CREATE INDEX IF NOT EXISTS "auth_user_groups_user_id_6a12ed8b" ON "auth_user_groups" ("user_id");
CREATE INDEX IF NOT EXISTS "auth_user_groups_group_id_97559544" ON "auth_user_groups" ("group_id");
CREATE UNIQUE INDEX "auth_user_user_permissions_user_id_permission_id_14a6b632_uniq" ON "auth_user_user_permissions" ("user_id", "permission_id");
CREATE INDEX IF NOT EXISTS "auth_user_user_permissions_user_id_a95ead1b" ON "auth_user_user_permissions" ("user_id");
CREATE INDEX IF NOT EXISTS "auth_user_user_permissions_permission_id_1fbb5f2c" ON "auth_user_user_permissions" ("permission_id");
CREATE INDEX IF NOT EXISTS "django_admin_log_content_type_id_c4bce8eb" ON "django_admin_log" ("content_type_id");
CREATE INDEX IF NOT EXISTS "django_admin_log_user_id_c564eba6" ON "django_admin_log" ("user_id");
CREATE UNIQUE INDEX "django_content_type_app_label_model_76bd3d3b_uniq" ON "django_content_type" ("app_label", "model");
CREATE UNIQUE INDEX "auth_permission_content_type_id_codename_01ab375a_uniq" ON "auth_permission" ("content_type_id", "codename");
CREATE INDEX IF NOT EXISTS "auth_permission_content_type_id_2f476e4b" ON "auth_permission" ("content_type_id");
CREATE INDEX IF NOT EXISTS "django_session_expire_date_a5c62663" ON "django_session" ("expire_date");
CREATE INDEX IF NOT EXISTS "projects_project_category_id_708edb98" ON "projects_project" ("category_id");
CREATE UNIQUE INDEX "services_service_process_service_id_serviceprocess_id_2bfd1b5f_uniq" ON "services_service_process" ("service_id", "serviceprocess_id");
CREATE INDEX IF NOT EXISTS "services_service_process_service_id_d7527454" ON "services_service_process" ("service_id");
CREATE INDEX IF NOT EXISTS "services_service_process_serviceprocess_id_37f8f061" ON "services_service_process" ("serviceprocess_id");
CREATE UNIQUE INDEX "projects_project_features_project_id_projectfeatures_id_ff03286c_uniq" ON "projects_project_features" ("project_id", "projectfeatures_id");
CREATE INDEX IF NOT EXISTS "projects_project_features_project_id_893316a3" ON "projects_project_features" ("project_id");
CREATE INDEX IF NOT EXISTS "projects_project_features_projectfeatures_id_f42b40c2" ON "projects_project_features" ("projectfeatures_id");
CREATE INDEX IF NOT EXISTS "blogs_blogtable_category_id_d15ed988" ON "blogs_blogtable" ("category_id");
CREATE UNIQUE INDEX "projects_project_Applications_project_id_projectapplications_id_bc721cc5_uniq" ON "projects_project_Applications" ("project_id", "projectapplications_id");
CREATE INDEX IF NOT EXISTS "projects_project_Applications_project_id_debac6dd" ON "projects_project_Applications" ("project_id");
CREATE INDEX IF NOT EXISTS "projects_project_Applications_projectapplications_id_47c279ce" ON "projects_project_Applications" ("projectapplications_id");
CREATE UNIQUE INDEX "BlogApp_blogtable_process_blogtable_id_steps_id_99e9bd9c_uniq" ON "BlogApp_blogtable_process" ("blogtable_id", "steps_id");
CREATE INDEX IF NOT EXISTS "BlogApp_blogtable_process_blogtable_id_75de20f4" ON "BlogApp_blogtable_process" ("blogtable_id");
CREATE INDEX IF NOT EXISTS "BlogApp_blogtable_process_steps_id_e42a7e5c" ON "BlogApp_blogtable_process" ("steps_id");
CREATE INDEX IF NOT EXISTS "BlogApp_blogtable_category_id_3d0254c1" ON "BlogApp_blogtable" ("category_id");
CREATE TABLE IF NOT EXISTS "auth_group" ("id" integer NOT NULL PRIMARY KEY AUTOINCREMENT, "name" varchar(150) NOT NULL UNIQUE);
CREATE UNIQUE INDEX "auth_group_permissions_group_id_permission_id_0cd325b0_uniq" ON "auth_group_permissions" ("group_id", "permission_id");
CREATE INDEX IF NOT EXISTS "auth_group_permissions_group_id_b120cbf9" ON "auth_group_permissions" ("group_id");
CREATE INDEX IF NOT EXISTS "auth_group_permissions_permission_id_84c5c92e" ON "auth_group_permissions" ("permission_id");
CREATE UNIQUE INDEX "auth_user_groups_user_id_group_id_94350c0c_uniq" ON "auth_user_groups" ("user_id", "group_id");
CREATE INDEX IF NOT EXISTS "auth_user_groups_user_id_6a12ed8b" ON "auth_user_groups" ("user_id");
CREATE INDEX IF NOT EXISTS "auth_user_groups_group_id_97559544" ON "auth_user_groups" ("group_id");
CREATE UNIQUE INDEX "auth_user_user_permissions_user_id_permission_id_14a6b632_uniq" ON "auth_user_user_permissions" ("user_id", "permission_id");
CREATE INDEX IF NOT EXISTS "auth_user_user_permissions_user_id_a95ead1b" ON "auth_user_user_permissions" ("user_id");
CREATE INDEX IF NOT EXISTS "auth_user_user_permissions_permission_id_1fbb5f2c" ON "auth_user_user_permissions" ("permission_id");
CREATE INDEX IF NOT EXISTS "django_admin_log_content_type_id_c4bce8eb" ON "django_admin_log" ("content_type_id");
CREATE INDEX IF NOT EXISTS "django_admin_log_user_id_c564eba6" ON "django_admin_log" ("user_id");
CREATE UNIQUE INDEX "django_content_type_app_label_model_76bd3d3b_uniq" ON "django_content_type" ("app_label", "model");
CREATE UNIQUE INDEX "auth_permission_content_type_id_codename_01ab375a_uniq" ON "auth_permission" ("content_type_id", "codename");
CREATE INDEX IF NOT EXISTS "auth_permission_content_type_id_2f476e4b" ON "auth_permission" ("content_type_id");
CREATE INDEX IF NOT EXISTS "django_session_expire_date_a5c62663" ON "django_session" ("expire_date");
CREATE INDEX IF NOT EXISTS "projects_project_category_id_708edb98" ON "projects_project" ("category_id");
CREATE UNIQUE INDEX "services_service_process_service_id_serviceprocess_id_2bfd1b5f_uniq" ON "services_service_process" ("service_id", "serviceprocess_id");
CREATE INDEX IF NOT EXISTS "services_service_process_service_id_d7527454" ON "services_service_process" ("service_id");
CREATE INDEX IF NOT EXISTS "services_service_process_serviceprocess_id_37f8f061" ON "services_service_process" ("serviceprocess_id");
CREATE UNIQUE INDEX "projects_project_features_project_id_projectfeatures_id_ff03286c_uniq" ON "projects_project_features" ("project_id", "projectfeatures_id");
CREATE INDEX IF NOT EXISTS "projects_project_features_project_id_893316a3" ON "projects_project_features" ("project_id");
CREATE INDEX IF NOT EXISTS "projects_project_features_projectfeatures_id_f42b40c2" ON "projects_project_features" ("projectfeatures_id");
CREATE INDEX IF NOT EXISTS "blogs_blogtable_category_id_d15ed988" ON "blogs_blogtable" ("category_id");
CREATE UNIQUE INDEX "projects_project_Applications_project_id_projectapplications_id_bc721cc5_uniq" ON "projects_project_Applications" ("project_id", "projectapplications_id");
CREATE INDEX IF NOT EXISTS "projects_project_Applications_project_id_debac6dd" ON "projects_project_Applications" ("project_id");
CREATE INDEX IF NOT EXISTS "projects_project_Applications_projectapplications_id_47c279ce" ON "projects_project_Applications" ("projectapplications_id");
CREATE UNIQUE INDEX "BlogApp_blogtable_process_blogtable_id_steps_id_99e9bd9c_uniq" ON "BlogApp_blogtable_process" ("blogtable_id", "steps_id");
CREATE INDEX IF NOT EXISTS "BlogApp_blogtable_process_blogtable_id_75de20f4" ON "BlogApp_blogtable_process" ("blogtable_id");
CREATE INDEX IF NOT EXISTS "BlogApp_blogtable_process_steps_id_e42a7e5c" ON "BlogApp_blogtable_process" ("steps_id");
CREATE INDEX IF NOT EXISTS "BlogApp_blogtable_category_id_3d0254c1" ON "BlogApp_blogtable" ("category_id");
CREATE TABLE IF NOT EXISTS "auth_group_permissions" ("id" integer NOT NULL PRIMARY KEY AUTOINCREMENT, "group_id" integer NOT NULL REFERENCES "auth_group" ("id") DEFERRABLE INITIALLY DEFERRED, "permission_id" integer NOT NULL REFERENCES "auth_permission" ("id") DEFERRABLE INITIALLY DEFERRED);
CREATE UNIQUE INDEX "auth_group_permissions_group_id_permission_id_0cd325b0_uniq" ON "auth_group_permissions" ("group_id", "permission_id");
CREATE INDEX IF NOT EXISTS "auth_group_permissions_group_id_b120cbf9" ON "auth_group_permissions" ("group_id");
CREATE INDEX IF NOT EXISTS "auth_group_permissions_permission_id_84c5c92e" ON "auth_group_permissions" ("permission_id");
CREATE UNIQUE INDEX "auth_user_groups_user_id_group_id_94350c0c_uniq" ON "auth_user_groups" ("user_id", "group_id");
CREATE INDEX IF NOT EXISTS "auth_user_groups_user_id_6a12ed8b" ON "auth_user_groups" ("user_id");
CREATE INDEX IF NOT EXISTS "auth_user_groups_group_id_97559544" ON "auth_user_groups" ("group_id");
CREATE UNIQUE INDEX "auth_user_user_permissions_user_id_permission_id_14a6b632_uniq" ON "auth_user_user_permissions" ("user_id", "permission_id");
CREATE INDEX IF NOT EXISTS "auth_user_user_permissions_user_id_a95ead1b" ON "auth_user_user_permissions" ("user_id");
CREATE INDEX IF NOT EXISTS "auth_user_user_permissions_permission_id_1fbb5f2c" ON "auth_user_user_permissions" ("permission_id");
CREATE INDEX IF NOT EXISTS "django_admin_log_content_type_id_c4bce8eb" ON "django_admin_log" ("content_type_id");
CREATE INDEX IF NOT EXISTS "django_admin_log_user_id_c564eba6" ON "django_admin_log" ("user_id");
CREATE UNIQUE INDEX "django_content_type_app_label_model_76bd3d3b_uniq" ON "django_content_type" ("app_label", "model");
CREATE UNIQUE INDEX "auth_permission_content_type_id_codename_01ab375a_uniq" ON "auth_permission" ("content_type_id", "codename");
CREATE INDEX IF NOT EXISTS "auth_permission_content_type_id_2f476e4b" ON "auth_permission" ("content_type_id");
CREATE INDEX IF NOT EXISTS "django_session_expire_date_a5c62663" ON "django_session" ("expire_date");
CREATE INDEX IF NOT EXISTS "projects_project_category_id_708edb98" ON "projects_project" ("category_id");
CREATE UNIQUE INDEX "services_service_process_service_id_serviceprocess_id_2bfd1b5f_uniq" ON "services_service_process" ("service_id", "serviceprocess_id");
CREATE INDEX IF NOT EXISTS "services_service_process_service_id_d7527454" ON "services_service_process" ("service_id");
CREATE INDEX IF NOT EXISTS "services_service_process_serviceprocess_id_37f8f061" ON "services_service_process" ("serviceprocess_id");
CREATE UNIQUE INDEX "projects_project_features_project_id_projectfeatures_id_ff03286c_uniq" ON "projects_project_features" ("project_id", "projectfeatures_id");
CREATE INDEX IF NOT EXISTS "projects_project_features_project_id_893316a3" ON "projects_project_features" ("project_id");
CREATE INDEX IF NOT EXISTS "projects_project_features_projectfeatures_id_f42b40c2" ON "projects_project_features" ("projectfeatures_id");
CREATE INDEX IF NOT EXISTS "blogs_blogtable_category_id_d15ed988" ON "blogs_blogtable" ("category_id");
CREATE UNIQUE INDEX "projects_project_Applications_project_id_projectapplications_id_bc721cc5_uniq" ON "projects_project_Applications" ("project_id", "projectapplications_id");
CREATE INDEX IF NOT EXISTS "projects_project_Applications_project_id_debac6dd" ON "projects_project_Applications" ("project_id");
CREATE INDEX IF NOT EXISTS "projects_project_Applications_projectapplications_id_47c279ce" ON "projects_project_Applications" ("projectapplications_id");
CREATE UNIQUE INDEX "BlogApp_blogtable_process_blogtable_id_steps_id_99e9bd9c_uniq" ON "BlogApp_blogtable_process" ("blogtable_id", "steps_id");
CREATE INDEX IF NOT EXISTS "BlogApp_blogtable_process_blogtable_id_75de20f4" ON "BlogApp_blogtable_process" ("blogtable_id");
CREATE INDEX IF NOT EXISTS "BlogApp_blogtable_process_steps_id_e42a7e5c" ON "BlogApp_blogtable_process" ("steps_id");
CREATE INDEX IF NOT EXISTS "BlogApp_blogtable_category_id_3d0254c1" ON "BlogApp_blogtable" ("category_id");
CREATE TABLE IF NOT EXISTS "auth_permission" ("id" integer NOT NULL PRIMARY KEY AUTOINCREMENT, "content_type_id" integer NOT NULL REFERENCES "django_content_type" ("id") DEFERRABLE INITIALLY DEFERRED, "codename" varchar(100) NOT NULL, "name" varchar(255) NOT NULL);
INSERT INTO "auth_permission" VALUES(1,1,'add_logentry','Can add log entry');
INSERT INTO "auth_permission" VALUES(2,1,'change_logentry','Can change log entry');
INSERT INTO "auth_permission" VALUES(3,1,'delete_logentry','Can delete log entry');
INSERT INTO "auth_permission" VALUES(4,1,'view_logentry','Can view log entry');
INSERT INTO "auth_permission" VALUES(5,2,'add_permission','Can add permission');
INSERT INTO "auth_permission" VALUES(6,2,'change_permission','Can change permission');
INSERT INTO "auth_permission" VALUES(7,2,'delete_permission','Can delete permission');
INSERT INTO "auth_permission" VALUES(8,2,'view_permission','Can view permission');
INSERT INTO "auth_permission" VALUES(9,3,'add_group','Can add group');
INSERT INTO "auth_permission" VALUES(10,3,'change_group','Can change group');
INSERT INTO "auth_permission" VALUES(11,3,'delete_group','Can delete group');
INSERT INTO "auth_permission" VALUES(12,3,'view_group','Can view group');
INSERT INTO "auth_permission" VALUES(13,4,'add_user','Can add user');
INSERT INTO "auth_permission" VALUES(14,4,'change_user','Can change user');
INSERT INTO "auth_permission" VALUES(15,4,'delete_user','Can delete user');
INSERT INTO "auth_permission" VALUES(16,4,'view_user','Can view user');
INSERT INTO "auth_permission" VALUES(17,5,'add_contenttype','Can add content type');
INSERT INTO "auth_permission" VALUES(18,5,'change_contenttype','Can change content type');
INSERT INTO "auth_permission" VALUES(19,5,'delete_contenttype','Can delete content type');
INSERT INTO "auth_permission" VALUES(20,5,'view_contenttype','Can view content type');
INSERT INTO "auth_permission" VALUES(21,6,'add_session','Can add session');
INSERT INTO "auth_permission" VALUES(22,6,'change_session','Can change session');
INSERT INTO "auth_permission" VALUES(23,6,'delete_session','Can delete session');
INSERT INTO "auth_permission" VALUES(24,6,'view_session','Can view session');
INSERT INTO "auth_permission" VALUES(25,7,'add_projectcategory','Can add project category');
INSERT INTO "auth_permission" VALUES(26,7,'change_projectcategory','Can change project category');
INSERT INTO "auth_permission" VALUES(27,7,'delete_projectcategory','Can delete project category');
INSERT INTO "auth_permission" VALUES(28,7,'view_projectcategory','Can view project category');
INSERT INTO "auth_permission" VALUES(29,8,'add_project','Can add project');
INSERT INTO "auth_permission" VALUES(30,8,'change_project','Can change project');
INSERT INTO "auth_permission" VALUES(31,8,'delete_project','Can delete project');
INSERT INTO "auth_permission" VALUES(32,8,'view_project','Can view project');
INSERT INTO "auth_permission" VALUES(33,9,'add_serviceprocess','Can add service process');
INSERT INTO "auth_permission" VALUES(34,9,'change_serviceprocess','Can change service process');
INSERT INTO "auth_permission" VALUES(35,9,'delete_serviceprocess','Can delete service process');
INSERT INTO "auth_permission" VALUES(36,9,'view_serviceprocess','Can view service process');
INSERT INTO "auth_permission" VALUES(37,10,'add_service','Can add service');
INSERT INTO "auth_permission" VALUES(38,10,'change_service','Can change service');
INSERT INTO "auth_permission" VALUES(39,10,'delete_service','Can delete service');
INSERT INTO "auth_permission" VALUES(40,10,'view_service','Can view service');
INSERT INTO "auth_permission" VALUES(41,11,'add_projectfeatures','Can add project features');
INSERT INTO "auth_permission" VALUES(42,11,'change_projectfeatures','Can change project features');
INSERT INTO "auth_permission" VALUES(43,11,'delete_projectfeatures','Can delete project features');
INSERT INTO "auth_permission" VALUES(44,11,'view_projectfeatures','Can view project features');
INSERT INTO "auth_permission" VALUES(45,12,'add_projectapplications','Can add project applications');
INSERT INTO "auth_permission" VALUES(46,12,'change_projectapplications','Can change project applications');
INSERT INTO "auth_permission" VALUES(47,12,'delete_projectapplications','Can delete project applications');
INSERT INTO "auth_permission" VALUES(48,12,'view_projectapplications','Can view project applications');
INSERT INTO "auth_permission" VALUES(49,13,'add_blogcategory','Can add blog category');
INSERT INTO "auth_permission" VALUES(50,13,'change_blogcategory','Can change blog category');
INSERT INTO "auth_permission" VALUES(51,13,'delete_blogcategory','Can delete blog category');
INSERT INTO "auth_permission" VALUES(52,13,'view_blogcategory','Can view blog category');
INSERT INTO "auth_permission" VALUES(53,14,'add_blogtable','Can add blog table');
INSERT INTO "auth_permission" VALUES(54,14,'change_blogtable','Can change blog table');
INSERT INTO "auth_permission" VALUES(55,14,'delete_blogtable','Can delete blog table');
INSERT INTO "auth_permission" VALUES(56,14,'view_blogtable','Can view blog table');
INSERT INTO "auth_permission" VALUES(57,15,'add_testimonial','Can add testimonial');
INSERT INTO "auth_permission" VALUES(58,15,'change_testimonial','Can change testimonial');
INSERT INTO "auth_permission" VALUES(59,15,'delete_testimonial','Can delete testimonial');
INSERT INTO "auth_permission" VALUES(60,15,'view_testimonial','Can view testimonial');
INSERT INTO "auth_permission" VALUES(61,16,'add_blogcategory','Can add blog category');
INSERT INTO "auth_permission" VALUES(62,16,'change_blogcategory','Can change blog category');
INSERT INTO "auth_permission" VALUES(63,16,'delete_blogcategory','Can delete blog category');
INSERT INTO "auth_permission" VALUES(64,16,'view_blogcategory','Can view blog category');
INSERT INTO "auth_permission" VALUES(65,17,'add_blogtable','Can add blog table');
INSERT INTO "auth_permission" VALUES(66,17,'change_blogtable','Can change blog table');
INSERT INTO "auth_permission" VALUES(67,17,'delete_blogtable','Can delete blog table');
INSERT INTO "auth_permission" VALUES(68,17,'view_blogtable','Can view blog table');
INSERT INTO "auth_permission" VALUES(69,18,'add_steps','Can add steps');
INSERT INTO "auth_permission" VALUES(70,18,'change_steps','Can change steps');
INSERT INTO "auth_permission" VALUES(71,18,'delete_steps','Can delete steps');
INSERT INTO "auth_permission" VALUES(72,18,'view_steps','Can view steps');
CREATE UNIQUE INDEX "auth_group_permissions_group_id_permission_id_0cd325b0_uniq" ON "auth_group_permissions" ("group_id", "permission_id");
CREATE INDEX IF NOT EXISTS "auth_group_permissions_group_id_b120cbf9" ON "auth_group_permissions" ("group_id");
CREATE INDEX IF NOT EXISTS "auth_group_permissions_permission_id_84c5c92e" ON "auth_group_permissions" ("permission_id");
CREATE UNIQUE INDEX "auth_user_groups_user_id_group_id_94350c0c_uniq" ON "auth_user_groups" ("user_id", "group_id");
CREATE INDEX IF NOT EXISTS "auth_user_groups_user_id_6a12ed8b" ON "auth_user_groups" ("user_id");
CREATE INDEX IF NOT EXISTS "auth_user_groups_group_id_97559544" ON "auth_user_groups" ("group_id");
CREATE UNIQUE INDEX "auth_user_user_permissions_user_id_permission_id_14a6b632_uniq" ON "auth_user_user_permissions" ("user_id", "permission_id");
CREATE INDEX IF NOT EXISTS "auth_user_user_permissions_user_id_a95ead1b" ON "auth_user_user_permissions" ("user_id");
CREATE INDEX IF NOT EXISTS "auth_user_user_permissions_permission_id_1fbb5f2c" ON "auth_user_user_permissions" ("permission_id");
CREATE INDEX IF NOT EXISTS "django_admin_log_content_type_id_c4bce8eb" ON "django_admin_log" ("content_type_id");
CREATE INDEX IF NOT EXISTS "django_admin_log_user_id_c564eba6" ON "django_admin_log" ("user_id");
CREATE UNIQUE INDEX "django_content_type_app_label_model_76bd3d3b_uniq" ON "django_content_type" ("app_label", "model");
CREATE UNIQUE INDEX "auth_permission_content_type_id_codename_01ab375a_uniq" ON "auth_permission" ("content_type_id", "codename");
CREATE INDEX IF NOT EXISTS "auth_permission_content_type_id_2f476e4b" ON "auth_permission" ("content_type_id");
CREATE INDEX IF NOT EXISTS "django_session_expire_date_a5c62663" ON "django_session" ("expire_date");
CREATE INDEX IF NOT EXISTS "projects_project_category_id_708edb98" ON "projects_project" ("category_id");
CREATE UNIQUE INDEX "services_service_process_service_id_serviceprocess_id_2bfd1b5f_uniq" ON "services_service_process" ("service_id", "serviceprocess_id");
CREATE INDEX IF NOT EXISTS "services_service_process_service_id_d7527454" ON "services_service_process" ("service_id");
CREATE INDEX IF NOT EXISTS "services_service_process_serviceprocess_id_37f8f061" ON "services_service_process" ("serviceprocess_id");
CREATE UNIQUE INDEX "projects_project_features_project_id_projectfeatures_id_ff03286c_uniq" ON "projects_project_features" ("project_id", "projectfeatures_id");
CREATE INDEX IF NOT EXISTS "projects_project_features_project_id_893316a3" ON "projects_project_features" ("project_id");
CREATE INDEX IF NOT EXISTS "projects_project_features_projectfeatures_id_f42b40c2" ON "projects_project_features" ("projectfeatures_id");
CREATE INDEX IF NOT EXISTS "blogs_blogtable_category_id_d15ed988" ON "blogs_blogtable" ("category_id");
CREATE UNIQUE INDEX "projects_project_Applications_project_id_projectapplications_id_bc721cc5_uniq" ON "projects_project_Applications" ("project_id", "projectapplications_id");
CREATE INDEX IF NOT EXISTS "projects_project_Applications_project_id_debac6dd" ON "projects_project_Applications" ("project_id");
CREATE INDEX IF NOT EXISTS "projects_project_Applications_projectapplications_id_47c279ce" ON "projects_project_Applications" ("projectapplications_id");
CREATE UNIQUE INDEX "BlogApp_blogtable_process_blogtable_id_steps_id_99e9bd9c_uniq" ON "BlogApp_blogtable_process" ("blogtable_id", "steps_id");
CREATE INDEX IF NOT EXISTS "BlogApp_blogtable_process_blogtable_id_75de20f4" ON "BlogApp_blogtable_process" ("blogtable_id");
CREATE INDEX IF NOT EXISTS "BlogApp_blogtable_process_steps_id_e42a7e5c" ON "BlogApp_blogtable_process" ("steps_id");
CREATE INDEX IF NOT EXISTS "BlogApp_blogtable_category_id_3d0254c1" ON "BlogApp_blogtable" ("category_id");
CREATE TABLE IF NOT EXISTS "auth_user" ("id" integer NOT NULL PRIMARY KEY AUTOINCREMENT, "password" varchar(128) NOT NULL, "last_login" datetime NULL, "is_superuser" bool NOT NULL, "username" varchar(150) NOT NULL UNIQUE, "last_name" varchar(150) NOT NULL, "email" varchar(254) NOT NULL, "is_staff" bool NOT NULL, "is_active" bool NOT NULL, "date_joined" datetime NOT NULL, "first_name" varchar(150) NOT NULL);
INSERT INTO "auth_user" VALUES(1,'pbkdf2_sha256$720000$z62onEtfCKGz7nDwDqKhW7$eDD95cvhLUwLpm2ys7AN7krhDsC6f7z95tJcoVqX5P4=','2024-07-05 16:45:04.825044',1,'codeaj','','codeaj4u@gmail.com',1,1,'2024-07-03 16:12:39.138281','');
CREATE UNIQUE INDEX "auth_group_permissions_group_id_permission_id_0cd325b0_uniq" ON "auth_group_permissions" ("group_id", "permission_id");
CREATE INDEX IF NOT EXISTS "auth_group_permissions_group_id_b120cbf9" ON "auth_group_permissions" ("group_id");
CREATE INDEX IF NOT EXISTS "auth_group_permissions_permission_id_84c5c92e" ON "auth_group_permissions" ("permission_id");
CREATE UNIQUE INDEX "auth_user_groups_user_id_group_id_94350c0c_uniq" ON "auth_user_groups" ("user_id", "group_id");
CREATE INDEX IF NOT EXISTS "auth_user_groups_user_id_6a12ed8b" ON "auth_user_groups" ("user_id");
CREATE INDEX IF NOT EXISTS "auth_user_groups_group_id_97559544" ON "auth_user_groups" ("group_id");
CREATE UNIQUE INDEX "auth_user_user_permissions_user_id_permission_id_14a6b632_uniq" ON "auth_user_user_permissions" ("user_id", "permission_id");
CREATE INDEX IF NOT EXISTS "auth_user_user_permissions_user_id_a95ead1b" ON "auth_user_user_permissions" ("user_id");
CREATE INDEX IF NOT EXISTS "auth_user_user_permissions_permission_id_1fbb5f2c" ON "auth_user_user_permissions" ("permission_id");
CREATE INDEX IF NOT EXISTS "django_admin_log_content_type_id_c4bce8eb" ON "django_admin_log" ("content_type_id");
CREATE INDEX IF NOT EXISTS "django_admin_log_user_id_c564eba6" ON "django_admin_log" ("user_id");
CREATE UNIQUE INDEX "django_content_type_app_label_model_76bd3d3b_uniq" ON "django_content_type" ("app_label", "model");
CREATE UNIQUE INDEX "auth_permission_content_type_id_codename_01ab375a_uniq" ON "auth_permission" ("content_type_id", "codename");
CREATE INDEX IF NOT EXISTS "auth_permission_content_type_id_2f476e4b" ON "auth_permission" ("content_type_id");
CREATE INDEX IF NOT EXISTS "django_session_expire_date_a5c62663" ON "django_session" ("expire_date");
CREATE INDEX IF NOT EXISTS "projects_project_category_id_708edb98" ON "projects_project" ("category_id");
CREATE UNIQUE INDEX "services_service_process_service_id_serviceprocess_id_2bfd1b5f_uniq" ON "services_service_process" ("service_id", "serviceprocess_id");
CREATE INDEX IF NOT EXISTS "services_service_process_service_id_d7527454" ON "services_service_process" ("service_id");
CREATE INDEX IF NOT EXISTS "services_service_process_serviceprocess_id_37f8f061" ON "services_service_process" ("serviceprocess_id");
CREATE UNIQUE INDEX "projects_project_features_project_id_projectfeatures_id_ff03286c_uniq" ON "projects_project_features" ("project_id", "projectfeatures_id");
CREATE INDEX IF NOT EXISTS "projects_project_features_project_id_893316a3" ON "projects_project_features" ("project_id");
CREATE INDEX IF NOT EXISTS "projects_project_features_projectfeatures_id_f42b40c2" ON "projects_project_features" ("projectfeatures_id");
CREATE INDEX IF NOT EXISTS "blogs_blogtable_category_id_d15ed988" ON "blogs_blogtable" ("category_id");
CREATE UNIQUE INDEX "projects_project_Applications_project_id_projectapplications_id_bc721cc5_uniq" ON "projects_project_Applications" ("project_id", "projectapplications_id");
CREATE INDEX IF NOT EXISTS "projects_project_Applications_project_id_debac6dd" ON "projects_project_Applications" ("project_id");
CREATE INDEX IF NOT EXISTS "projects_project_Applications_projectapplications_id_47c279ce" ON "projects_project_Applications" ("projectapplications_id");
CREATE UNIQUE INDEX "BlogApp_blogtable_process_blogtable_id_steps_id_99e9bd9c_uniq" ON "BlogApp_blogtable_process" ("blogtable_id", "steps_id");
CREATE INDEX IF NOT EXISTS "BlogApp_blogtable_process_blogtable_id_75de20f4" ON "BlogApp_blogtable_process" ("blogtable_id");
CREATE INDEX IF NOT EXISTS "BlogApp_blogtable_process_steps_id_e42a7e5c" ON "BlogApp_blogtable_process" ("steps_id");
CREATE INDEX IF NOT EXISTS "BlogApp_blogtable_category_id_3d0254c1" ON "BlogApp_blogtable" ("category_id");
CREATE TABLE IF NOT EXISTS "auth_user_groups" ("id" integer NOT NULL PRIMARY KEY AUTOINCREMENT, "user_id" integer NOT NULL REFERENCES "auth_user" ("id") DEFERRABLE INITIALLY DEFERRED, "group_id" integer NOT NULL REFERENCES "auth_group" ("id") DEFERRABLE INITIALLY DEFERRED);
CREATE UNIQUE INDEX "auth_group_permissions_group_id_permission_id_0cd325b0_uniq" ON "auth_group_permissions" ("group_id", "permission_id");
CREATE INDEX IF NOT EXISTS "auth_group_permissions_group_id_b120cbf9" ON "auth_group_permissions" ("group_id");
CREATE INDEX IF NOT EXISTS "auth_group_permissions_permission_id_84c5c92e" ON "auth_group_permissions" ("permission_id");
CREATE UNIQUE INDEX "auth_user_groups_user_id_group_id_94350c0c_uniq" ON "auth_user_groups" ("user_id", "group_id");
CREATE INDEX IF NOT EXISTS "auth_user_groups_user_id_6a12ed8b" ON "auth_user_groups" ("user_id");
CREATE INDEX IF NOT EXISTS "auth_user_groups_group_id_97559544" ON "auth_user_groups" ("group_id");
CREATE UNIQUE INDEX "auth_user_user_permissions_user_id_permission_id_14a6b632_uniq" ON "auth_user_user_permissions" ("user_id", "permission_id");
CREATE INDEX IF NOT EXISTS "auth_user_user_permissions_user_id_a95ead1b" ON "auth_user_user_permissions" ("user_id");
CREATE INDEX IF NOT EXISTS "auth_user_user_permissions_permission_id_1fbb5f2c" ON "auth_user_user_permissions" ("permission_id");
CREATE INDEX IF NOT EXISTS "django_admin_log_content_type_id_c4bce8eb" ON "django_admin_log" ("content_type_id");
CREATE INDEX IF NOT EXISTS "django_admin_log_user_id_c564eba6" ON "django_admin_log" ("user_id");
CREATE UNIQUE INDEX "django_content_type_app_label_model_76bd3d3b_uniq" ON "django_content_type" ("app_label", "model");
CREATE UNIQUE INDEX "auth_permission_content_type_id_codename_01ab375a_uniq" ON "auth_permission" ("content_type_id", "codename");
CREATE INDEX IF NOT EXISTS "auth_permission_content_type_id_2f476e4b" ON "auth_permission" ("content_type_id");
CREATE INDEX IF NOT EXISTS "django_session_expire_date_a5c62663" ON "django_session" ("expire_date");
CREATE INDEX IF NOT EXISTS "projects_project_category_id_708edb98" ON "projects_project" ("category_id");
CREATE UNIQUE INDEX "services_service_process_service_id_serviceprocess_id_2bfd1b5f_uniq" ON "services_service_process" ("service_id", "serviceprocess_id");
CREATE INDEX IF NOT EXISTS "services_service_process_service_id_d7527454" ON "services_service_process" ("service_id");
CREATE INDEX IF NOT EXISTS "services_service_process_serviceprocess_id_37f8f061" ON "services_service_process" ("serviceprocess_id");
CREATE UNIQUE INDEX "projects_project_features_project_id_projectfeatures_id_ff03286c_uniq" ON "projects_project_features" ("project_id", "projectfeatures_id");
CREATE INDEX IF NOT EXISTS "projects_project_features_project_id_893316a3" ON "projects_project_features" ("project_id");
CREATE INDEX IF NOT EXISTS "projects_project_features_projectfeatures_id_f42b40c2" ON "projects_project_features" ("projectfeatures_id");
CREATE INDEX IF NOT EXISTS "blogs_blogtable_category_id_d15ed988" ON "blogs_blogtable" ("category_id");
CREATE UNIQUE INDEX "projects_project_Applications_project_id_projectapplications_id_bc721cc5_uniq" ON "projects_project_Applications" ("project_id", "projectapplications_id");
CREATE INDEX IF NOT EXISTS "projects_project_Applications_project_id_debac6dd" ON "projects_project_Applications" ("project_id");
CREATE INDEX IF NOT EXISTS "projects_project_Applications_projectapplications_id_47c279ce" ON "projects_project_Applications" ("projectapplications_id");
CREATE UNIQUE INDEX "BlogApp_blogtable_process_blogtable_id_steps_id_99e9bd9c_uniq" ON "BlogApp_blogtable_process" ("blogtable_id", "steps_id");
CREATE INDEX IF NOT EXISTS "BlogApp_blogtable_process_blogtable_id_75de20f4" ON "BlogApp_blogtable_process" ("blogtable_id");
CREATE INDEX IF NOT EXISTS "BlogApp_blogtable_process_steps_id_e42a7e5c" ON "BlogApp_blogtable_process" ("steps_id");
CREATE INDEX IF NOT EXISTS "BlogApp_blogtable_category_id_3d0254c1" ON "BlogApp_blogtable" ("category_id");
CREATE TABLE IF NOT EXISTS "auth_user_user_permissions" ("id" integer NOT NULL PRIMARY KEY AUTOINCREMENT, "user_id" integer NOT NULL REFERENCES "auth_user" ("id") DEFERRABLE INITIALLY DEFERRED, "permission_id" integer NOT NULL REFERENCES "auth_permission" ("id") DEFERRABLE INITIALLY DEFERRED);
CREATE UNIQUE INDEX "auth_group_permissions_group_id_permission_id_0cd325b0_uniq" ON "auth_group_permissions" ("group_id", "permission_id");
CREATE INDEX IF NOT EXISTS "auth_group_permissions_group_id_b120cbf9" ON "auth_group_permissions" ("group_id");
CREATE INDEX IF NOT EXISTS "auth_group_permissions_permission_id_84c5c92e" ON "auth_group_permissions" ("permission_id");
CREATE UNIQUE INDEX "auth_user_groups_user_id_group_id_94350c0c_uniq" ON "auth_user_groups" ("user_id", "group_id");
CREATE INDEX IF NOT EXISTS "auth_user_groups_user_id_6a12ed8b" ON "auth_user_groups" ("user_id");
CREATE INDEX IF NOT EXISTS "auth_user_groups_group_id_97559544" ON "auth_user_groups" ("group_id");
CREATE UNIQUE INDEX "auth_user_user_permissions_user_id_permission_id_14a6b632_uniq" ON "auth_user_user_permissions" ("user_id", "permission_id");
CREATE INDEX IF NOT EXISTS "auth_user_user_permissions_user_id_a95ead1b" ON "auth_user_user_permissions" ("user_id");
CREATE INDEX IF NOT EXISTS "auth_user_user_permissions_permission_id_1fbb5f2c" ON "auth_user_user_permissions" ("permission_id");
CREATE INDEX IF NOT EXISTS "django_admin_log_content_type_id_c4bce8eb" ON "django_admin_log" ("content_type_id");
CREATE INDEX IF NOT EXISTS "django_admin_log_user_id_c564eba6" ON "django_admin_log" ("user_id");
CREATE UNIQUE INDEX "django_content_type_app_label_model_76bd3d3b_uniq" ON "django_content_type" ("app_label", "model");
CREATE UNIQUE INDEX "auth_permission_content_type_id_codename_01ab375a_uniq" ON "auth_permission" ("content_type_id", "codename");
CREATE INDEX IF NOT EXISTS "auth_permission_content_type_id_2f476e4b" ON "auth_permission" ("content_type_id");
CREATE INDEX IF NOT EXISTS "django_session_expire_date_a5c62663" ON "django_session" ("expire_date");
CREATE INDEX IF NOT EXISTS "projects_project_category_id_708edb98" ON "projects_project" ("category_id");
CREATE UNIQUE INDEX "services_service_process_service_id_serviceprocess_id_2bfd1b5f_uniq" ON "services_service_process" ("service_id", "serviceprocess_id");
CREATE INDEX IF NOT EXISTS "services_service_process_service_id_d7527454" ON "services_service_process" ("service_id");
CREATE INDEX IF NOT EXISTS "services_service_process_serviceprocess_id_37f8f061" ON "services_service_process" ("serviceprocess_id");
CREATE UNIQUE INDEX "projects_project_features_project_id_projectfeatures_id_ff03286c_uniq" ON "projects_project_features" ("project_id", "projectfeatures_id");
CREATE INDEX IF NOT EXISTS "projects_project_features_project_id_893316a3" ON "projects_project_features" ("project_id");
CREATE INDEX IF NOT EXISTS "projects_project_features_projectfeatures_id_f42b40c2" ON "projects_project_features" ("projectfeatures_id");
CREATE INDEX IF NOT EXISTS "blogs_blogtable_category_id_d15ed988" ON "blogs_blogtable" ("category_id");
CREATE UNIQUE INDEX "projects_project_Applications_project_id_projectapplications_id_bc721cc5_uniq" ON "projects_project_Applications" ("project_id", "projectapplications_id");
CREATE INDEX IF NOT EXISTS "projects_project_Applications_project_id_debac6dd" ON "projects_project_Applications" ("project_id");
CREATE INDEX IF NOT EXISTS "projects_project_Applications_projectapplications_id_47c279ce" ON "projects_project_Applications" ("projectapplications_id");
CREATE UNIQUE INDEX "BlogApp_blogtable_process_blogtable_id_steps_id_99e9bd9c_uniq" ON "BlogApp_blogtable_process" ("blogtable_id", "steps_id");
CREATE INDEX IF NOT EXISTS "BlogApp_blogtable_process_blogtable_id_75de20f4" ON "BlogApp_blogtable_process" ("blogtable_id");
CREATE INDEX IF NOT EXISTS "BlogApp_blogtable_process_steps_id_e42a7e5c" ON "BlogApp_blogtable_process" ("steps_id");
CREATE INDEX IF NOT EXISTS "BlogApp_blogtable_category_id_3d0254c1" ON "BlogApp_blogtable" ("category_id");
CREATE TABLE IF NOT EXISTS "blogs_blogcategory" ("id" integer NOT NULL PRIMARY KEY AUTOINCREMENT, "name" varchar(255) NOT NULL, "description" text NOT NULL, "slug" varchar(50) NOT NULL UNIQUE);
CREATE UNIQUE INDEX "auth_group_permissions_group_id_permission_id_0cd325b0_uniq" ON "auth_group_permissions" ("group_id", "permission_id");
CREATE INDEX IF NOT EXISTS "auth_group_permissions_group_id_b120cbf9" ON "auth_group_permissions" ("group_id");
CREATE INDEX IF NOT EXISTS "auth_group_permissions_permission_id_84c5c92e" ON "auth_group_permissions" ("permission_id");
CREATE UNIQUE INDEX "auth_user_groups_user_id_group_id_94350c0c_uniq" ON "auth_user_groups" ("user_id", "group_id");
CREATE INDEX IF NOT EXISTS "auth_user_groups_user_id_6a12ed8b" ON "auth_user_groups" ("user_id");
CREATE INDEX IF NOT EXISTS "auth_user_groups_group_id_97559544" ON "auth_user_groups" ("group_id");
CREATE UNIQUE INDEX "auth_user_user_permissions_user_id_permission_id_14a6b632_uniq" ON "auth_user_user_permissions" ("user_id", "permission_id");
CREATE INDEX IF NOT EXISTS "auth_user_user_permissions_user_id_a95ead1b" ON "auth_user_user_permissions" ("user_id");
CREATE INDEX IF NOT EXISTS "auth_user_user_permissions_permission_id_1fbb5f2c" ON "auth_user_user_permissions" ("permission_id");
CREATE INDEX IF NOT EXISTS "django_admin_log_content_type_id_c4bce8eb" ON "django_admin_log" ("content_type_id");
CREATE INDEX IF NOT EXISTS "django_admin_log_user_id_c564eba6" ON "django_admin_log" ("user_id");
CREATE UNIQUE INDEX "django_content_type_app_label_model_76bd3d3b_uniq" ON "django_content_type" ("app_label", "model");
CREATE UNIQUE INDEX "auth_permission_content_type_id_codename_01ab375a_uniq" ON "auth_permission" ("content_type_id", "codename");
CREATE INDEX IF NOT EXISTS "auth_permission_content_type_id_2f476e4b" ON "auth_permission" ("content_type_id");
CREATE INDEX IF NOT EXISTS "django_session_expire_date_a5c62663" ON "django_session" ("expire_date");
CREATE INDEX IF NOT EXISTS "projects_project_category_id_708edb98" ON "projects_project" ("category_id");
CREATE UNIQUE INDEX "services_service_process_service_id_serviceprocess_id_2bfd1b5f_uniq" ON "services_service_process" ("service_id", "serviceprocess_id");
CREATE INDEX IF NOT EXISTS "services_service_process_service_id_d7527454" ON "services_service_process" ("service_id");
CREATE INDEX IF NOT EXISTS "services_service_process_serviceprocess_id_37f8f061" ON "services_service_process" ("serviceprocess_id");
CREATE UNIQUE INDEX "projects_project_features_project_id_projectfeatures_id_ff03286c_uniq" ON "projects_project_features" ("project_id", "projectfeatures_id");
CREATE INDEX IF NOT EXISTS "projects_project_features_project_id_893316a3" ON "projects_project_features" ("project_id");
CREATE INDEX IF NOT EXISTS "projects_project_features_projectfeatures_id_f42b40c2" ON "projects_project_features" ("projectfeatures_id");
CREATE INDEX IF NOT EXISTS "blogs_blogtable_category_id_d15ed988" ON "blogs_blogtable" ("category_id");
CREATE UNIQUE INDEX "projects_project_Applications_project_id_projectapplications_id_bc721cc5_uniq" ON "projects_project_Applications" ("project_id", "projectapplications_id");
CREATE INDEX IF NOT EXISTS "projects_project_Applications_project_id_debac6dd" ON "projects_project_Applications" ("project_id");
CREATE INDEX IF NOT EXISTS "projects_project_Applications_projectapplications_id_47c279ce" ON "projects_project_Applications" ("projectapplications_id");
CREATE UNIQUE INDEX "BlogApp_blogtable_process_blogtable_id_steps_id_99e9bd9c_uniq" ON "BlogApp_blogtable_process" ("blogtable_id", "steps_id");
CREATE INDEX IF NOT EXISTS "BlogApp_blogtable_process_blogtable_id_75de20f4" ON "BlogApp_blogtable_process" ("blogtable_id");
CREATE INDEX IF NOT EXISTS "BlogApp_blogtable_process_steps_id_e42a7e5c" ON "BlogApp_blogtable_process" ("steps_id");
CREATE INDEX IF NOT EXISTS "BlogApp_blogtable_category_id_3d0254c1" ON "BlogApp_blogtable" ("category_id");
CREATE TABLE IF NOT EXISTS "blogs_blogtable" ("id" integer NOT NULL PRIMARY KEY AUTOINCREMENT, "meta_title" varchar(255) NOT NULL, "meta_description" text NOT NULL, "long_description" text NOT NULL, "code" text NULL, "image" varchar(100) NOT NULL, "slug" varchar(50) NOT NULL UNIQUE, "date_time" datetime NOT NULL, "category_id" bigint NOT NULL REFERENCES "blogs_blogcategory" ("id") DEFERRABLE INITIALLY DEFERRED);
CREATE UNIQUE INDEX "auth_group_permissions_group_id_permission_id_0cd325b0_uniq" ON "auth_group_permissions" ("group_id", "permission_id");
CREATE INDEX IF NOT EXISTS "auth_group_permissions_group_id_b120cbf9" ON "auth_group_permissions" ("group_id");
CREATE INDEX IF NOT EXISTS "auth_group_permissions_permission_id_84c5c92e" ON "auth_group_permissions" ("permission_id");
CREATE UNIQUE INDEX "auth_user_groups_user_id_group_id_94350c0c_uniq" ON "auth_user_groups" ("user_id", "group_id");
CREATE INDEX IF NOT EXISTS "auth_user_groups_user_id_6a12ed8b" ON "auth_user_groups" ("user_id");
CREATE INDEX IF NOT EXISTS "auth_user_groups_group_id_97559544" ON "auth_user_groups" ("group_id");
CREATE UNIQUE INDEX "auth_user_user_permissions_user_id_permission_id_14a6b632_uniq" ON "auth_user_user_permissions" ("user_id", "permission_id");
CREATE INDEX IF NOT EXISTS "auth_user_user_permissions_user_id_a95ead1b" ON "auth_user_user_permissions" ("user_id");
CREATE INDEX IF NOT EXISTS "auth_user_user_permissions_permission_id_1fbb5f2c" ON "auth_user_user_permissions" ("permission_id");
CREATE INDEX IF NOT EXISTS "django_admin_log_content_type_id_c4bce8eb" ON "django_admin_log" ("content_type_id");
CREATE INDEX IF NOT EXISTS "django_admin_log_user_id_c564eba6" ON "django_admin_log" ("user_id");
CREATE UNIQUE INDEX "django_content_type_app_label_model_76bd3d3b_uniq" ON "django_content_type" ("app_label", "model");
CREATE UNIQUE INDEX "auth_permission_content_type_id_codename_01ab375a_uniq" ON "auth_permission" ("content_type_id", "codename");
CREATE INDEX IF NOT EXISTS "auth_permission_content_type_id_2f476e4b" ON "auth_permission" ("content_type_id");
CREATE INDEX IF NOT EXISTS "django_session_expire_date_a5c62663" ON "django_session" ("expire_date");
CREATE INDEX IF NOT EXISTS "projects_project_category_id_708edb98" ON "projects_project" ("category_id");
CREATE UNIQUE INDEX "services_service_process_service_id_serviceprocess_id_2bfd1b5f_uniq" ON "services_service_process" ("service_id", "serviceprocess_id");
CREATE INDEX IF NOT EXISTS "services_service_process_service_id_d7527454" ON "services_service_process" ("service_id");
CREATE INDEX IF NOT EXISTS "services_service_process_serviceprocess_id_37f8f061" ON "services_service_process" ("serviceprocess_id");
CREATE UNIQUE INDEX "projects_project_features_project_id_projectfeatures_id_ff03286c_uniq" ON "projects_project_features" ("project_id", "projectfeatures_id");
CREATE INDEX IF NOT EXISTS "projects_project_features_project_id_893316a3" ON "projects_project_features" ("project_id");
CREATE INDEX IF NOT EXISTS "projects_project_features_projectfeatures_id_f42b40c2" ON "projects_project_features" ("projectfeatures_id");
CREATE INDEX IF NOT EXISTS "blogs_blogtable_category_id_d15ed988" ON "blogs_blogtable" ("category_id");
CREATE UNIQUE INDEX "projects_project_Applications_project_id_projectapplications_id_bc721cc5_uniq" ON "projects_project_Applications" ("project_id", "projectapplications_id");
CREATE INDEX IF NOT EXISTS "projects_project_Applications_project_id_debac6dd" ON "projects_project_Applications" ("project_id");
CREATE INDEX IF NOT EXISTS "projects_project_Applications_projectapplications_id_47c279ce" ON "projects_project_Applications" ("projectapplications_id");
CREATE UNIQUE INDEX "BlogApp_blogtable_process_blogtable_id_steps_id_99e9bd9c_uniq" ON "BlogApp_blogtable_process" ("blogtable_id", "steps_id");
CREATE INDEX IF NOT EXISTS "BlogApp_blogtable_process_blogtable_id_75de20f4" ON "BlogApp_blogtable_process" ("blogtable_id");
CREATE INDEX IF NOT EXISTS "BlogApp_blogtable_process_steps_id_e42a7e5c" ON "BlogApp_blogtable_process" ("steps_id");
CREATE INDEX IF NOT EXISTS "BlogApp_blogtable_category_id_3d0254c1" ON "BlogApp_blogtable" ("category_id");
CREATE TABLE IF NOT EXISTS "django_admin_log" ("id" integer NOT NULL PRIMARY KEY AUTOINCREMENT, "object_id" text NULL, "object_repr" varchar(200) NOT NULL, "action_flag" smallint unsigned NOT NULL CHECK ("action_flag" >= 0), "change_message" text NOT NULL, "content_type_id" integer NULL REFERENCES "django_content_type" ("id") DEFERRABLE INITIALLY DEFERRED, "user_id" integer NOT NULL REFERENCES "auth_user" ("id") DEFERRABLE INITIALLY DEFERRED, "action_time" datetime NOT NULL);
INSERT INTO "django_admin_log" VALUES(1,'1','Python',1,'[{"added": {}}]',7,1,'2024-07-03 16:14:04.293700');
INSERT INTO "django_admin_log" VALUES(2,'1','Facial Emotion Analysis',1,'[{"added": {}}]',11,1,'2024-07-03 18:03:06.715450');
INSERT INTO "django_admin_log" VALUES(3,'2','Personalized Movie Recommendations',1,'[{"added": {}}]',11,1,'2024-07-03 18:03:33.312288');
INSERT INTO "django_admin_log" VALUES(4,'3','User-Friendly Interface',1,'[{"added": {}}]',11,1,'2024-07-03 18:04:01.388397');
INSERT INTO "django_admin_log" VALUES(5,'4','Extensive Movie Database',1,'[{"added": {}}]',11,1,'2024-07-03 18:04:30.561338');
INSERT INTO "django_admin_log" VALUES(6,'5','Privacy and Security',1,'[{"added": {}}]',11,1,'2024-07-03 18:04:58.251581');
INSERT INTO "django_admin_log" VALUES(7,'6','Real-Time Updates',1,'[{"added": {}}]',11,1,'2024-07-03 18:05:21.725121');
INSERT INTO "django_admin_log" VALUES(8,'1','Movie Enthusiasts',1,'[{"added": {}}]',12,1,'2024-07-03 18:05:47.093384');
INSERT INTO "django_admin_log" VALUES(9,'2','Movie Streaming Platforms',1,'[{"added": {}}]',12,1,'2024-07-03 18:06:08.030882');
INSERT INTO "django_admin_log" VALUES(10,'3','Entertainment Industry',1,'[{"added": {}}]',12,1,'2024-07-03 18:06:32.487531');
INSERT INTO "django_admin_log" VALUES(11,'4','Psychological Research',1,'[{"added": {}}]',12,1,'2024-07-03 18:06:57.515408');
INSERT INTO "django_admin_log" VALUES(12,'1','Emotion is Everything',1,'[{"added": {}}]',8,1,'2024-07-03 18:09:23.475989');
INSERT INTO "django_admin_log" VALUES(13,'1','Emotion is Everything',2,'[{"changed": {"fields": ["Image two", "Image three"]}}]',8,1,'2024-07-03 18:37:27.014829');
INSERT INTO "django_admin_log" VALUES(14,'1','CTO of Health Solutions - Krishna Raut',1,'[{"added": {}}]',15,1,'2024-07-05 06:23:51.603774');
INSERT INTO "django_admin_log" VALUES(15,'1','CEO of Tech Innovators - Rahul Sharma',2,'[{"changed": {"fields": ["Name", "Designation"]}}]',15,1,'2024-07-05 06:25:07.322914');
INSERT INTO "django_admin_log" VALUES(16,'2','Krishna Raut - CTO of Health Solutions',1,'[{"added": {}}]',15,1,'2024-07-05 06:26:08.257818');
INSERT INTO "django_admin_log" VALUES(17,'1','Rahul Sharma - CEO of Tech Innovators',2,'[{"changed": {"fields": ["Name", "Designation"]}}]',15,1,'2024-07-05 06:26:25.194879');
INSERT INTO "django_admin_log" VALUES(18,'1','Initial Consultation',1,'[{"added": {}}]',9,1,'2024-07-05 10:14:02.790360');
INSERT INTO "django_admin_log" VALUES(19,'2','Proposal Creation',1,'[{"added": {}}]',9,1,'2024-07-05 10:18:30.687089');
INSERT INTO "django_admin_log" VALUES(20,'3','Planning',1,'[{"added": {}}]',9,1,'2024-07-05 10:19:33.076834');
INSERT INTO "django_admin_log" VALUES(21,'4','Design',1,'[{"added": {}}]',9,1,'2024-07-05 10:20:16.204475');
INSERT INTO "django_admin_log" VALUES(22,'5','Development',1,'[{"added": {}}]',9,1,'2024-07-05 10:25:15.300452');
INSERT INTO "django_admin_log" VALUES(23,'6','Testing',1,'[{"added": {}}]',9,1,'2024-07-05 10:29:09.784527');
INSERT INTO "django_admin_log" VALUES(24,'7','Final Review and Deployment',1,'[{"added": {}}]',9,1,'2024-07-05 10:30:54.002986');
INSERT INTO "django_admin_log" VALUES(25,'8','Post-Launch Maintenance',1,'[{"added": {}}]',9,1,'2024-07-05 10:33:22.552306');
INSERT INTO "django_admin_log" VALUES(26,'1','Professional Web Development Services | Pythoncoding4u',1,'[{"added": {}}]',10,1,'2024-07-05 10:39:18.234690');
INSERT INTO "django_admin_log" VALUES(27,'1','Emotion is Everything',2,'[{"changed": {"fields": ["Features"]}}]',8,1,'2024-07-06 04:00:56.624898');
INSERT INTO "django_admin_log" VALUES(28,'1','Emotion is Everything',2,'[{"changed": {"fields": ["Features"]}}]',8,1,'2024-07-06 04:01:54.781001');
INSERT INTO "django_admin_log" VALUES(29,'1','Initial Consultation',2,'[{"changed": {"fields": ["Top tag", "Bottom tag"]}}]',9,1,'2024-07-06 17:27:20.173980');
INSERT INTO "django_admin_log" VALUES(30,'2','Proposal Creation',2,'[{"changed": {"fields": ["Top tag", "Bottom tag"]}}]',9,1,'2024-07-06 17:27:47.578585');
INSERT INTO "django_admin_log" VALUES(31,'1','Initial Consultation',2,'[{"changed": {"fields": ["Bottom tag"]}}]',9,1,'2024-07-06 17:29:42.860696');
INSERT INTO "django_admin_log" VALUES(32,'3','Planning',2,'[{"changed": {"fields": ["Top tag", "Bottom tag"]}}]',9,1,'2024-07-06 17:30:28.101649');
INSERT INTO "django_admin_log" VALUES(33,'4','Design',2,'[{"changed": {"fields": ["Top tag", "Bottom tag"]}}]',9,1,'2024-07-06 17:31:01.766736');
INSERT INTO "django_admin_log" VALUES(34,'5','Development',2,'[{"changed": {"fields": ["Top tag", "Bottom tag"]}}]',9,1,'2024-07-06 17:32:04.653759');
INSERT INTO "django_admin_log" VALUES(35,'7','Final Review and Deployment',2,'[{"changed": {"fields": ["Top tag", "Bottom tag"]}}]',9,1,'2024-07-06 17:32:24.373890');
INSERT INTO "django_admin_log" VALUES(36,'8','Post-Launch Maintenance',2,'[{"changed": {"fields": ["Top tag", "Bottom tag"]}}]',9,1,'2024-07-06 17:33:03.952563');
INSERT INTO "django_admin_log" VALUES(37,'6','Testing',2,'[{"changed": {"fields": ["Top tag", "Bottom tag"]}}]',9,1,'2024-07-06 17:33:16.644378');
INSERT INTO "django_admin_log" VALUES(38,'1','Professional Web Development Services | Pythoncoding4u',2,'[{"changed": {"fields": ["Process"]}}]',10,1,'2024-07-07 09:50:26.532123');
INSERT INTO "django_admin_log" VALUES(39,'1','Professional Web Development Services | Pythoncoding4u',2,'[{"changed": {"fields": ["Process"]}}]',10,1,'2024-07-07 09:51:00.646512');
INSERT INTO "django_admin_log" VALUES(40,'1','Python',1,'[{"added": {}}]',16,1,'2024-07-09 12:41:47.024452');
INSERT INTO "django_admin_log" VALUES(41,'1','Download Python',1,'[{"added": {}}]',18,1,'2024-07-09 18:38:55.479037');
INSERT INTO "django_admin_log" VALUES(42,'2','Run the Installer',1,'[{"added": {}}]',18,1,'2024-07-09 19:00:46.276404');
INSERT INTO "django_admin_log" VALUES(43,'3','Verify the Installation',1,'[{"added": {}}]',18,1,'2024-07-09 19:02:27.927587');
INSERT INTO "django_admin_log" VALUES(44,'4','Install an IDE',1,'[{"added": {}}]',18,1,'2024-07-09 19:05:15.978167');
INSERT INTO "django_admin_log" VALUES(45,'1','how-to-install-python',1,'[{"added": {}}]',17,1,'2024-07-09 19:19:27.434167');
INSERT INTO "django_admin_log" VALUES(46,'1','how-to-install-python',2,'[{"changed": {"fields": ["Conclusion"]}}]',17,1,'2024-07-10 13:01:29.562211');
INSERT INTO "django_admin_log" VALUES(47,'1','how-to-install-python',2,'[{"changed": {"fields": ["Code"]}}]',17,1,'2024-07-10 13:13:32.086899');
CREATE UNIQUE INDEX "auth_group_permissions_group_id_permission_id_0cd325b0_uniq" ON "auth_group_permissions" ("group_id", "permission_id");
CREATE INDEX IF NOT EXISTS "auth_group_permissions_group_id_b120cbf9" ON "auth_group_permissions" ("group_id");
CREATE INDEX IF NOT EXISTS "auth_group_permissions_permission_id_84c5c92e" ON "auth_group_permissions" ("permission_id");
CREATE UNIQUE INDEX "auth_user_groups_user_id_group_id_94350c0c_uniq" ON "auth_user_groups" ("user_id", "group_id");
CREATE INDEX IF NOT EXISTS "auth_user_groups_user_id_6a12ed8b" ON "auth_user_groups" ("user_id");
CREATE INDEX IF NOT EXISTS "auth_user_groups_group_id_97559544" ON "auth_user_groups" ("group_id");
CREATE UNIQUE INDEX "auth_user_user_permissions_user_id_permission_id_14a6b632_uniq" ON "auth_user_user_permissions" ("user_id", "permission_id");
CREATE INDEX IF NOT EXISTS "auth_user_user_permissions_user_id_a95ead1b" ON "auth_user_user_permissions" ("user_id");
CREATE INDEX IF NOT EXISTS "auth_user_user_permissions_permission_id_1fbb5f2c" ON "auth_user_user_permissions" ("permission_id");
CREATE INDEX IF NOT EXISTS "django_admin_log_content_type_id_c4bce8eb" ON "django_admin_log" ("content_type_id");
CREATE INDEX IF NOT EXISTS "django_admin_log_user_id_c564eba6" ON "django_admin_log" ("user_id");
CREATE UNIQUE INDEX "django_content_type_app_label_model_76bd3d3b_uniq" ON "django_content_type" ("app_label", "model");
CREATE UNIQUE INDEX "auth_permission_content_type_id_codename_01ab375a_uniq" ON "auth_permission" ("content_type_id", "codename");
CREATE INDEX IF NOT EXISTS "auth_permission_content_type_id_2f476e4b" ON "auth_permission" ("content_type_id");
CREATE INDEX IF NOT EXISTS "django_session_expire_date_a5c62663" ON "django_session" ("expire_date");
CREATE INDEX IF NOT EXISTS "projects_project_category_id_708edb98" ON "projects_project" ("category_id");
CREATE UNIQUE INDEX "services_service_process_service_id_serviceprocess_id_2bfd1b5f_uniq" ON "services_service_process" ("service_id", "serviceprocess_id");
CREATE INDEX IF NOT EXISTS "services_service_process_service_id_d7527454" ON "services_service_process" ("service_id");
CREATE INDEX IF NOT EXISTS "services_service_process_serviceprocess_id_37f8f061" ON "services_service_process" ("serviceprocess_id");
CREATE UNIQUE INDEX "projects_project_features_project_id_projectfeatures_id_ff03286c_uniq" ON "projects_project_features" ("project_id", "projectfeatures_id");
CREATE INDEX IF NOT EXISTS "projects_project_features_project_id_893316a3" ON "projects_project_features" ("project_id");
CREATE INDEX IF NOT EXISTS "projects_project_features_projectfeatures_id_f42b40c2" ON "projects_project_features" ("projectfeatures_id");
CREATE INDEX IF NOT EXISTS "blogs_blogtable_category_id_d15ed988" ON "blogs_blogtable" ("category_id");
CREATE UNIQUE INDEX "projects_project_Applications_project_id_projectapplications_id_bc721cc5_uniq" ON "projects_project_Applications" ("project_id", "projectapplications_id");
CREATE INDEX IF NOT EXISTS "projects_project_Applications_project_id_debac6dd" ON "projects_project_Applications" ("project_id");
CREATE INDEX IF NOT EXISTS "projects_project_Applications_projectapplications_id_47c279ce" ON "projects_project_Applications" ("projectapplications_id");
CREATE UNIQUE INDEX "BlogApp_blogtable_process_blogtable_id_steps_id_99e9bd9c_uniq" ON "BlogApp_blogtable_process" ("blogtable_id", "steps_id");
CREATE INDEX IF NOT EXISTS "BlogApp_blogtable_process_blogtable_id_75de20f4" ON "BlogApp_blogtable_process" ("blogtable_id");
CREATE INDEX IF NOT EXISTS "BlogApp_blogtable_process_steps_id_e42a7e5c" ON "BlogApp_blogtable_process" ("steps_id");
CREATE INDEX IF NOT EXISTS "BlogApp_blogtable_category_id_3d0254c1" ON "BlogApp_blogtable" ("category_id");
CREATE TABLE IF NOT EXISTS "django_content_type" ("id" integer NOT NULL PRIMARY KEY AUTOINCREMENT, "app_label" varchar(100) NOT NULL, "model" varchar(100) NOT NULL);
INSERT INTO "django_content_type" VALUES(1,'admin','logentry');
INSERT INTO "django_content_type" VALUES(2,'auth','permission');
INSERT INTO "django_content_type" VALUES(3,'auth','group');
INSERT INTO "django_content_type" VALUES(4,'auth','user');
INSERT INTO "django_content_type" VALUES(5,'contenttypes','contenttype');
INSERT INTO "django_content_type" VALUES(6,'sessions','session');
INSERT INTO "django_content_type" VALUES(7,'projects','projectcategory');
INSERT INTO "django_content_type" VALUES(8,'projects','project');
INSERT INTO "django_content_type" VALUES(9,'services','serviceprocess');
INSERT INTO "django_content_type" VALUES(10,'services','service');
INSERT INTO "django_content_type" VALUES(11,'projects','projectfeatures');
INSERT INTO "django_content_type" VALUES(12,'projects','projectapplications');
INSERT INTO "django_content_type" VALUES(13,'blogs','blogcategory');
INSERT INTO "django_content_type" VALUES(14,'blogs','blogtable');
INSERT INTO "django_content_type" VALUES(15,'testmonials','testimonial');
INSERT INTO "django_content_type" VALUES(16,'BlogApp','blogcategory');
INSERT INTO "django_content_type" VALUES(17,'BlogApp','blogtable');
INSERT INTO "django_content_type" VALUES(18,'BlogApp','steps');
CREATE UNIQUE INDEX "auth_group_permissions_group_id_permission_id_0cd325b0_uniq" ON "auth_group_permissions" ("group_id", "permission_id");
CREATE INDEX IF NOT EXISTS "auth_group_permissions_group_id_b120cbf9" ON "auth_group_permissions" ("group_id");
CREATE INDEX IF NOT EXISTS "auth_group_permissions_permission_id_84c5c92e" ON "auth_group_permissions" ("permission_id");
CREATE UNIQUE INDEX "auth_user_groups_user_id_group_id_94350c0c_uniq" ON "auth_user_groups" ("user_id", "group_id");
CREATE INDEX IF NOT EXISTS "auth_user_groups_user_id_6a12ed8b" ON "auth_user_groups" ("user_id");
CREATE INDEX IF NOT EXISTS "auth_user_groups_group_id_97559544" ON "auth_user_groups" ("group_id");
CREATE UNIQUE INDEX "auth_user_user_permissions_user_id_permission_id_14a6b632_uniq" ON "auth_user_user_permissions" ("user_id", "permission_id");
CREATE INDEX IF NOT EXISTS "auth_user_user_permissions_user_id_a95ead1b" ON "auth_user_user_permissions" ("user_id");
CREATE INDEX IF NOT EXISTS "auth_user_user_permissions_permission_id_1fbb5f2c" ON "auth_user_user_permissions" ("permission_id");
CREATE INDEX IF NOT EXISTS "django_admin_log_content_type_id_c4bce8eb" ON "django_admin_log" ("content_type_id");
CREATE INDEX IF NOT EXISTS "django_admin_log_user_id_c564eba6" ON "django_admin_log" ("user_id");
CREATE UNIQUE INDEX "django_content_type_app_label_model_76bd3d3b_uniq" ON "django_content_type" ("app_label", "model");
CREATE UNIQUE INDEX "auth_permission_content_type_id_codename_01ab375a_uniq" ON "auth_permission" ("content_type_id", "codename");
CREATE INDEX IF NOT EXISTS "auth_permission_content_type_id_2f476e4b" ON "auth_permission" ("content_type_id");
CREATE INDEX IF NOT EXISTS "django_session_expire_date_a5c62663" ON "django_session" ("expire_date");
CREATE INDEX IF NOT EXISTS "projects_project_category_id_708edb98" ON "projects_project" ("category_id");
CREATE UNIQUE INDEX "services_service_process_service_id_serviceprocess_id_2bfd1b5f_uniq" ON "services_service_process" ("service_id", "serviceprocess_id");
CREATE INDEX IF NOT EXISTS "services_service_process_service_id_d7527454" ON "services_service_process" ("service_id");
CREATE INDEX IF NOT EXISTS "services_service_process_serviceprocess_id_37f8f061" ON "services_service_process" ("serviceprocess_id");
CREATE UNIQUE INDEX "projects_project_features_project_id_projectfeatures_id_ff03286c_uniq" ON "projects_project_features" ("project_id", "projectfeatures_id");
CREATE INDEX IF NOT EXISTS "projects_project_features_project_id_893316a3" ON "projects_project_features" ("project_id");
CREATE INDEX IF NOT EXISTS "projects_project_features_projectfeatures_id_f42b40c2" ON "projects_project_features" ("projectfeatures_id");
CREATE INDEX IF NOT EXISTS "blogs_blogtable_category_id_d15ed988" ON "blogs_blogtable" ("category_id");
CREATE UNIQUE INDEX "projects_project_Applications_project_id_projectapplications_id_bc721cc5_uniq" ON "projects_project_Applications" ("project_id", "projectapplications_id");
CREATE INDEX IF NOT EXISTS "projects_project_Applications_project_id_debac6dd" ON "projects_project_Applications" ("project_id");
CREATE INDEX IF NOT EXISTS "projects_project_Applications_projectapplications_id_47c279ce" ON "projects_project_Applications" ("projectapplications_id");
CREATE UNIQUE INDEX "BlogApp_blogtable_process_blogtable_id_steps_id_99e9bd9c_uniq" ON "BlogApp_blogtable_process" ("blogtable_id", "steps_id");
CREATE INDEX IF NOT EXISTS "BlogApp_blogtable_process_blogtable_id_75de20f4" ON "BlogApp_blogtable_process" ("blogtable_id");
CREATE INDEX IF NOT EXISTS "BlogApp_blogtable_process_steps_id_e42a7e5c" ON "BlogApp_blogtable_process" ("steps_id");
CREATE INDEX IF NOT EXISTS "BlogApp_blogtable_category_id_3d0254c1" ON "BlogApp_blogtable" ("category_id");
CREATE TABLE IF NOT EXISTS "django_migrations" ("id" integer NOT NULL PRIMARY KEY AUTOINCREMENT, "app" varchar(255) NOT NULL, "name" varchar(255) NOT NULL, "applied" datetime NOT NULL);
INSERT INTO "django_migrations" VALUES(1,'contenttypes','0001_initial','2024-07-02 11:34:25.082070');
INSERT INTO "django_migrations" VALUES(2,'auth','0001_initial','2024-07-02 11:34:25.098198');
INSERT INTO "django_migrations" VALUES(3,'admin','0001_initial','2024-07-02 11:34:25.116422');
INSERT INTO "django_migrations" VALUES(4,'admin','0002_logentry_remove_auto_add','2024-07-02 11:34:25.132560');
INSERT INTO "django_migrations" VALUES(5,'admin','0003_logentry_add_action_flag_choices','2024-07-02 11:34:25.141608');
INSERT INTO "django_migrations" VALUES(6,'contenttypes','0002_remove_content_type_name','2024-07-02 11:34:25.173501');
INSERT INTO "django_migrations" VALUES(7,'auth','0002_alter_permission_name_max_length','2024-07-02 11:34:25.186377');
INSERT INTO "django_migrations" VALUES(8,'auth','0003_alter_user_email_max_length','2024-07-02 11:34:25.200740');
INSERT INTO "django_migrations" VALUES(9,'auth','0004_alter_user_username_opts','2024-07-02 11:34:25.211000');
INSERT INTO "django_migrations" VALUES(10,'auth','0005_alter_user_last_login_null','2024-07-02 11:34:25.222981');
INSERT INTO "django_migrations" VALUES(11,'auth','0006_require_contenttypes_0002','2024-07-02 11:34:25.229600');
INSERT INTO "django_migrations" VALUES(12,'auth','0007_alter_validators_add_error_messages','2024-07-02 11:34:25.236864');
INSERT INTO "django_migrations" VALUES(13,'auth','0008_alter_user_username_max_length','2024-07-02 11:34:25.250852');
INSERT INTO "django_migrations" VALUES(14,'auth','0009_alter_user_last_name_max_length','2024-07-02 11:34:25.264723');
INSERT INTO "django_migrations" VALUES(15,'auth','0010_alter_group_name_max_length','2024-07-02 11:34:25.278030');
INSERT INTO "django_migrations" VALUES(16,'auth','0011_update_proxy_permissions','2024-07-02 11:34:25.285627');
INSERT INTO "django_migrations" VALUES(17,'auth','0012_alter_user_first_name_max_length','2024-07-02 11:34:25.298564');
INSERT INTO "django_migrations" VALUES(18,'sessions','0001_initial','2024-07-02 11:34:25.309049');
INSERT INTO "django_migrations" VALUES(19,'projects','0001_initial','2024-07-03 16:09:58.535646');
INSERT INTO "django_migrations" VALUES(20,'services','0001_initial','2024-07-03 16:09:58.585834');
INSERT INTO "django_migrations" VALUES(21,'projects','0002_projectfeatures_remove_project_features_and_more','2024-07-03 17:47:56.252579');
INSERT INTO "django_migrations" VALUES(22,'blogs','0001_initial','2024-07-03 17:57:23.296280');
INSERT INTO "django_migrations" VALUES(23,'projects','0003_projectapplications_project_applications','2024-07-03 17:57:23.369537');
INSERT INTO "django_migrations" VALUES(24,'testmonials','0001_initial','2024-07-04 12:26:42.123929');
INSERT INTO "django_migrations" VALUES(25,'services','0002_service_service_name_alter_service_meta_title','2024-07-05 09:40:23.418200');
INSERT INTO "django_migrations" VALUES(26,'services','0003_serviceprocess_bottom_tag_serviceprocess_top_tag','2024-07-06 17:23:21.372436');
INSERT INTO "django_migrations" VALUES(27,'BlogApp','0001_initial','2024-07-09 11:04:26.328143');
INSERT INTO "django_migrations" VALUES(28,'BlogApp','0002_steps_alter_blogtable_image_blogtable_process','2024-07-09 12:37:37.018595');
INSERT INTO "django_migrations" VALUES(29,'BlogApp','0003_alter_blogtable_process','2024-07-09 12:38:17.832194');
INSERT INTO "django_migrations" VALUES(30,'BlogApp','0004_blogtable_author_blogtable_conclusion','2024-07-10 13:00:21.093635');
CREATE UNIQUE INDEX "auth_group_permissions_group_id_permission_id_0cd325b0_uniq" ON "auth_group_permissions" ("group_id", "permission_id");
CREATE INDEX IF NOT EXISTS "auth_group_permissions_group_id_b120cbf9" ON "auth_group_permissions" ("group_id");
CREATE INDEX IF NOT EXISTS "auth_group_permissions_permission_id_84c5c92e" ON "auth_group_permissions" ("permission_id");
CREATE UNIQUE INDEX "auth_user_groups_user_id_group_id_94350c0c_uniq" ON "auth_user_groups" ("user_id", "group_id");
CREATE INDEX IF NOT EXISTS "auth_user_groups_user_id_6a12ed8b" ON "auth_user_groups" ("user_id");
CREATE INDEX IF NOT EXISTS "auth_user_groups_group_id_97559544" ON "auth_user_groups" ("group_id");
CREATE UNIQUE INDEX "auth_user_user_permissions_user_id_permission_id_14a6b632_uniq" ON "auth_user_user_permissions" ("user_id", "permission_id");
CREATE INDEX IF NOT EXISTS "auth_user_user_permissions_user_id_a95ead1b" ON "auth_user_user_permissions" ("user_id");
CREATE INDEX IF NOT EXISTS "auth_user_user_permissions_permission_id_1fbb5f2c" ON "auth_user_user_permissions" ("permission_id");
CREATE INDEX IF NOT EXISTS "django_admin_log_content_type_id_c4bce8eb" ON "django_admin_log" ("content_type_id");
CREATE INDEX IF NOT EXISTS "django_admin_log_user_id_c564eba6" ON "django_admin_log" ("user_id");
CREATE UNIQUE INDEX "django_content_type_app_label_model_76bd3d3b_uniq" ON "django_content_type" ("app_label", "model");
CREATE UNIQUE INDEX "auth_permission_content_type_id_codename_01ab375a_uniq" ON "auth_permission" ("content_type_id", "codename");
CREATE INDEX IF NOT EXISTS "auth_permission_content_type_id_2f476e4b" ON "auth_permission" ("content_type_id");
CREATE INDEX IF NOT EXISTS "django_session_expire_date_a5c62663" ON "django_session" ("expire_date");
CREATE INDEX IF NOT EXISTS "projects_project_category_id_708edb98" ON "projects_project" ("category_id");
CREATE UNIQUE INDEX "services_service_process_service_id_serviceprocess_id_2bfd1b5f_uniq" ON "services_service_process" ("service_id", "serviceprocess_id");
CREATE INDEX IF NOT EXISTS "services_service_process_service_id_d7527454" ON "services_service_process" ("service_id");
CREATE INDEX IF NOT EXISTS "services_service_process_serviceprocess_id_37f8f061" ON "services_service_process" ("serviceprocess_id");
CREATE UNIQUE INDEX "projects_project_features_project_id_projectfeatures_id_ff03286c_uniq" ON "projects_project_features" ("project_id", "projectfeatures_id");
CREATE INDEX IF NOT EXISTS "projects_project_features_project_id_893316a3" ON "projects_project_features" ("project_id");
CREATE INDEX IF NOT EXISTS "projects_project_features_projectfeatures_id_f42b40c2" ON "projects_project_features" ("projectfeatures_id");
CREATE INDEX IF NOT EXISTS "blogs_blogtable_category_id_d15ed988" ON "blogs_blogtable" ("category_id");
CREATE UNIQUE INDEX "projects_project_Applications_project_id_projectapplications_id_bc721cc5_uniq" ON "projects_project_Applications" ("project_id", "projectapplications_id");
CREATE INDEX IF NOT EXISTS "projects_project_Applications_project_id_debac6dd" ON "projects_project_Applications" ("project_id");
CREATE INDEX IF NOT EXISTS "projects_project_Applications_projectapplications_id_47c279ce" ON "projects_project_Applications" ("projectapplications_id");
CREATE UNIQUE INDEX "BlogApp_blogtable_process_blogtable_id_steps_id_99e9bd9c_uniq" ON "BlogApp_blogtable_process" ("blogtable_id", "steps_id");
CREATE INDEX IF NOT EXISTS "BlogApp_blogtable_process_blogtable_id_75de20f4" ON "BlogApp_blogtable_process" ("blogtable_id");
CREATE INDEX IF NOT EXISTS "BlogApp_blogtable_process_steps_id_e42a7e5c" ON "BlogApp_blogtable_process" ("steps_id");
CREATE INDEX IF NOT EXISTS "BlogApp_blogtable_category_id_3d0254c1" ON "BlogApp_blogtable" ("category_id");
CREATE TABLE IF NOT EXISTS "django_session" ("session_key" varchar(40) NOT NULL PRIMARY KEY, "session_data" text NOT NULL, "expire_date" datetime NOT NULL);
INSERT INTO "django_session" VALUES('bcuaczgu81y2qigobywzlm3gxm5yfs6j','.eJxVjMsOwiAQAP-FsyHlVYpH7_0GsssuUjU0Ke3J-O-GpAe9zkzmLSIce4lH4y0uJK5CicsvQ0hPrl3QA-p9lWmt-7ag7Ik8bZPzSvy6ne3foEArfRuATBgSKmKNyTg2KiRtEUBntD6gNm4cjLV-VC4H4ok0keWUJ-OCF58v7Ok4Aw:1sP2bR:zzSa5pNYmNKclLMhRi6ov8j-y27V4QIObie-RNkii-8','2024-07-17 16:13:05.392583');
INSERT INTO "django_session" VALUES('s04woyxiqqluucrsq1l14lty2dg3rpbx','.eJxVjMsOwiAQAP-FsyHlVYpH7_0GsssuUjU0Ke3J-O-GpAe9zkzmLSIce4lH4y0uJK5CicsvQ0hPrl3QA-p9lWmt-7ag7Ik8bZPzSvy6ne3foEArfRuATBgSKmKNyTg2KiRtEUBntD6gNm4cjLV-VC4H4ok0keWUJ-OCF58v7Ok4Aw:1sPLhc:6RmTa-qOiafD5M2x8FgUZUDmT0lxS3P3EHF9z2nf248','2024-07-18 12:36:44.699956');
INSERT INTO "django_session" VALUES('lmr7hm42dizqny5frhssr516shtnth8f','.eJxVjMsOwiAQAP-FsyHlVYpH7_0GsssuUjU0Ke3J-O-GpAe9zkzmLSIce4lH4y0uJK5CicsvQ0hPrl3QA-p9lWmt-7ag7Ik8bZPzSvy6ne3foEArfRuATBgSKmKNyTg2KiRtEUBntD6gNm4cjLV-VC4H4ok0keWUJ-OCF58v7Ok4Aw:1sPcHj:KPzRspOYzoDPqra_TuPRdFULoBjIbqf-0PgO1m1_qoE','2024-07-19 06:19:07.261493');
INSERT INTO "django_session" VALUES('2yuiswr9nw48aww3t5pe91r38ul53glf','.eJxVjMsOwiAQAP-FsyHlVYpH7_0GsssuUjU0Ke3J-O-GpAe9zkzmLSIce4lH4y0uJK5CicsvQ0hPrl3QA-p9lWmt-7ag7Ik8bZPzSvy6ne3foEArfRuATBgSKmKNyTg2KiRtEUBntD6gNm4cjLV-VC4H4ok0keWUJ-OCF58v7Ok4Aw:1sPm3U:xzXjAhI_RdO5qmRsSpvTeDe4v06o5U_CklxUMnhtWdU','2024-07-19 16:45:04.859615');
CREATE UNIQUE INDEX "auth_group_permissions_group_id_permission_id_0cd325b0_uniq" ON "auth_group_permissions" ("group_id", "permission_id");
CREATE INDEX IF NOT EXISTS "auth_group_permissions_group_id_b120cbf9" ON "auth_group_permissions" ("group_id");
CREATE INDEX IF NOT EXISTS "auth_group_permissions_permission_id_84c5c92e" ON "auth_group_permissions" ("permission_id");
CREATE UNIQUE INDEX "auth_user_groups_user_id_group_id_94350c0c_uniq" ON "auth_user_groups" ("user_id", "group_id");
CREATE INDEX IF NOT EXISTS "auth_user_groups_user_id_6a12ed8b" ON "auth_user_groups" ("user_id");
CREATE INDEX IF NOT EXISTS "auth_user_groups_group_id_97559544" ON "auth_user_groups" ("group_id");
CREATE UNIQUE INDEX "auth_user_user_permissions_user_id_permission_id_14a6b632_uniq" ON "auth_user_user_permissions" ("user_id", "permission_id");
CREATE INDEX IF NOT EXISTS "auth_user_user_permissions_user_id_a95ead1b" ON "auth_user_user_permissions" ("user_id");
CREATE INDEX IF NOT EXISTS "auth_user_user_permissions_permission_id_1fbb5f2c" ON "auth_user_user_permissions" ("permission_id");
CREATE INDEX IF NOT EXISTS "django_admin_log_content_type_id_c4bce8eb" ON "django_admin_log" ("content_type_id");
CREATE INDEX IF NOT EXISTS "django_admin_log_user_id_c564eba6" ON "django_admin_log" ("user_id");
CREATE UNIQUE INDEX "django_content_type_app_label_model_76bd3d3b_uniq" ON "django_content_type" ("app_label", "model");
CREATE UNIQUE INDEX "auth_permission_content_type_id_codename_01ab375a_uniq" ON "auth_permission" ("content_type_id", "codename");
CREATE INDEX IF NOT EXISTS "auth_permission_content_type_id_2f476e4b" ON "auth_permission" ("content_type_id");
CREATE INDEX IF NOT EXISTS "django_session_expire_date_a5c62663" ON "django_session" ("expire_date");
CREATE INDEX IF NOT EXISTS "projects_project_category_id_708edb98" ON "projects_project" ("category_id");
CREATE UNIQUE INDEX "services_service_process_service_id_serviceprocess_id_2bfd1b5f_uniq" ON "services_service_process" ("service_id", "serviceprocess_id");
CREATE INDEX IF NOT EXISTS "services_service_process_service_id_d7527454" ON "services_service_process" ("service_id");
CREATE INDEX IF NOT EXISTS "services_service_process_serviceprocess_id_37f8f061" ON "services_service_process" ("serviceprocess_id");
CREATE UNIQUE INDEX "projects_project_features_project_id_projectfeatures_id_ff03286c_uniq" ON "projects_project_features" ("project_id", "projectfeatures_id");
CREATE INDEX IF NOT EXISTS "projects_project_features_project_id_893316a3" ON "projects_project_features" ("project_id");
CREATE INDEX IF NOT EXISTS "projects_project_features_projectfeatures_id_f42b40c2" ON "projects_project_features" ("projectfeatures_id");
CREATE INDEX IF NOT EXISTS "blogs_blogtable_category_id_d15ed988" ON "blogs_blogtable" ("category_id");
CREATE UNIQUE INDEX "projects_project_Applications_project_id_projectapplications_id_bc721cc5_uniq" ON "projects_project_Applications" ("project_id", "projectapplications_id");
CREATE INDEX IF NOT EXISTS "projects_project_Applications_project_id_debac6dd" ON "projects_project_Applications" ("project_id");
CREATE INDEX IF NOT EXISTS "projects_project_Applications_projectapplications_id_47c279ce" ON "projects_project_Applications" ("projectapplications_id");
CREATE UNIQUE INDEX "BlogApp_blogtable_process_blogtable_id_steps_id_99e9bd9c_uniq" ON "BlogApp_blogtable_process" ("blogtable_id", "steps_id");
CREATE INDEX IF NOT EXISTS "BlogApp_blogtable_process_blogtable_id_75de20f4" ON "BlogApp_blogtable_process" ("blogtable_id");
CREATE INDEX IF NOT EXISTS "BlogApp_blogtable_process_steps_id_e42a7e5c" ON "BlogApp_blogtable_process" ("steps_id");
CREATE INDEX IF NOT EXISTS "BlogApp_blogtable_category_id_3d0254c1" ON "BlogApp_blogtable" ("category_id");
CREATE TABLE IF NOT EXISTS "projects_project" ("id" integer NOT NULL PRIMARY KEY AUTOINCREMENT, "meta_title" varchar(255) NOT NULL, "meta_description" text NOT NULL, "long_description" text NOT NULL, "youtube_link" varchar(200) NULL, "image_one" varchar(100) NOT NULL, "image_two" varchar(100) NULL, "image_three" varchar(100) NULL, "slug" varchar(50) NOT NULL UNIQUE, "category_id" bigint NOT NULL REFERENCES "projects_projectcategory" ("id") DEFERRABLE INITIALLY DEFERRED);
INSERT INTO "projects_project" VALUES(1,'Emotion is Everything','an innovative project using Python Django, Deepface, and CV2 for real-time facial emotion analysis. It suggests personalized movie recommendations based on users'' emotions..','Emotion is Everything is an exciting and innovative project that blends the power of Python Django, Deepface, and CV2 for face detection and emotion analysis. The platform goes beyond traditional movie recommendation systems by suggesting movies based on users'' emotional states, identified through facial expressions.
<br><br>
Emotion is Everything is a groundbreaking project that taps into the realm of emotions and movie preferences. Through the fusion of Python Django, Deepface, and CV2, the platform creates an immersive movie recommendation experience based on users'' facial expressions and emotions. Experience the magic of emotions and movies with Emotion is Everything!','https://youtu.be/eHr4-jGj5oQ','projects/emotioniseverything.png','projects/Screenshot_63.png','projects/Screenshot_64.png','emotion-is-everything',1);
CREATE UNIQUE INDEX "auth_group_permissions_group_id_permission_id_0cd325b0_uniq" ON "auth_group_permissions" ("group_id", "permission_id");
CREATE INDEX IF NOT EXISTS "auth_group_permissions_group_id_b120cbf9" ON "auth_group_permissions" ("group_id");
CREATE INDEX IF NOT EXISTS "auth_group_permissions_permission_id_84c5c92e" ON "auth_group_permissions" ("permission_id");
CREATE UNIQUE INDEX "auth_user_groups_user_id_group_id_94350c0c_uniq" ON "auth_user_groups" ("user_id", "group_id");
CREATE INDEX IF NOT EXISTS "auth_user_groups_user_id_6a12ed8b" ON "auth_user_groups" ("user_id");
CREATE INDEX IF NOT EXISTS "auth_user_groups_group_id_97559544" ON "auth_user_groups" ("group_id");
CREATE UNIQUE INDEX "auth_user_user_permissions_user_id_permission_id_14a6b632_uniq" ON "auth_user_user_permissions" ("user_id", "permission_id");
CREATE INDEX IF NOT EXISTS "auth_user_user_permissions_user_id_a95ead1b" ON "auth_user_user_permissions" ("user_id");
CREATE INDEX IF NOT EXISTS "auth_user_user_permissions_permission_id_1fbb5f2c" ON "auth_user_user_permissions" ("permission_id");
CREATE INDEX IF NOT EXISTS "django_admin_log_content_type_id_c4bce8eb" ON "django_admin_log" ("content_type_id");
CREATE INDEX IF NOT EXISTS "django_admin_log_user_id_c564eba6" ON "django_admin_log" ("user_id");
CREATE UNIQUE INDEX "django_content_type_app_label_model_76bd3d3b_uniq" ON "django_content_type" ("app_label", "model");
CREATE UNIQUE INDEX "auth_permission_content_type_id_codename_01ab375a_uniq" ON "auth_permission" ("content_type_id", "codename");
CREATE INDEX IF NOT EXISTS "auth_permission_content_type_id_2f476e4b" ON "auth_permission" ("content_type_id");
CREATE INDEX IF NOT EXISTS "django_session_expire_date_a5c62663" ON "django_session" ("expire_date");
CREATE INDEX IF NOT EXISTS "projects_project_category_id_708edb98" ON "projects_project" ("category_id");
CREATE UNIQUE INDEX "services_service_process_service_id_serviceprocess_id_2bfd1b5f_uniq" ON "services_service_process" ("service_id", "serviceprocess_id");
CREATE INDEX IF NOT EXISTS "services_service_process_service_id_d7527454" ON "services_service_process" ("service_id");
CREATE INDEX IF NOT EXISTS "services_service_process_serviceprocess_id_37f8f061" ON "services_service_process" ("serviceprocess_id");
CREATE UNIQUE INDEX "projects_project_features_project_id_projectfeatures_id_ff03286c_uniq" ON "projects_project_features" ("project_id", "projectfeatures_id");
CREATE INDEX IF NOT EXISTS "projects_project_features_project_id_893316a3" ON "projects_project_features" ("project_id");
CREATE INDEX IF NOT EXISTS "projects_project_features_projectfeatures_id_f42b40c2" ON "projects_project_features" ("projectfeatures_id");
CREATE INDEX IF NOT EXISTS "blogs_blogtable_category_id_d15ed988" ON "blogs_blogtable" ("category_id");
CREATE UNIQUE INDEX "projects_project_Applications_project_id_projectapplications_id_bc721cc5_uniq" ON "projects_project_Applications" ("project_id", "projectapplications_id");
CREATE INDEX IF NOT EXISTS "projects_project_Applications_project_id_debac6dd" ON "projects_project_Applications" ("project_id");
CREATE INDEX IF NOT EXISTS "projects_project_Applications_projectapplications_id_47c279ce" ON "projects_project_Applications" ("projectapplications_id");
CREATE UNIQUE INDEX "BlogApp_blogtable_process_blogtable_id_steps_id_99e9bd9c_uniq" ON "BlogApp_blogtable_process" ("blogtable_id", "steps_id");
CREATE INDEX IF NOT EXISTS "BlogApp_blogtable_process_blogtable_id_75de20f4" ON "BlogApp_blogtable_process" ("blogtable_id");
CREATE INDEX IF NOT EXISTS "BlogApp_blogtable_process_steps_id_e42a7e5c" ON "BlogApp_blogtable_process" ("steps_id");
CREATE INDEX IF NOT EXISTS "BlogApp_blogtable_category_id_3d0254c1" ON "BlogApp_blogtable" ("category_id");
CREATE TABLE IF NOT EXISTS "projects_project_Applications" ("id" integer NOT NULL PRIMARY KEY AUTOINCREMENT, "project_id" bigint NOT NULL REFERENCES "projects_project" ("id") DEFERRABLE INITIALLY DEFERRED, "projectapplications_id" bigint NOT NULL REFERENCES "projects_projectapplications" ("id") DEFERRABLE INITIALLY DEFERRED);
INSERT INTO "projects_project_Applications" VALUES(1,1,1);
INSERT INTO "projects_project_Applications" VALUES(2,1,2);
INSERT INTO "projects_project_Applications" VALUES(3,1,3);
INSERT INTO "projects_project_Applications" VALUES(4,1,4);
CREATE UNIQUE INDEX "auth_group_permissions_group_id_permission_id_0cd325b0_uniq" ON "auth_group_permissions" ("group_id", "permission_id");
CREATE INDEX IF NOT EXISTS "auth_group_permissions_group_id_b120cbf9" ON "auth_group_permissions" ("group_id");
CREATE INDEX IF NOT EXISTS "auth_group_permissions_permission_id_84c5c92e" ON "auth_group_permissions" ("permission_id");
CREATE UNIQUE INDEX "auth_user_groups_user_id_group_id_94350c0c_uniq" ON "auth_user_groups" ("user_id", "group_id");
CREATE INDEX IF NOT EXISTS "auth_user_groups_user_id_6a12ed8b" ON "auth_user_groups" ("user_id");
CREATE INDEX IF NOT EXISTS "auth_user_groups_group_id_97559544" ON "auth_user_groups" ("group_id");
CREATE UNIQUE INDEX "auth_user_user_permissions_user_id_permission_id_14a6b632_uniq" ON "auth_user_user_permissions" ("user_id", "permission_id");
CREATE INDEX IF NOT EXISTS "auth_user_user_permissions_user_id_a95ead1b" ON "auth_user_user_permissions" ("user_id");
CREATE INDEX IF NOT EXISTS "auth_user_user_permissions_permission_id_1fbb5f2c" ON "auth_user_user_permissions" ("permission_id");
CREATE INDEX IF NOT EXISTS "django_admin_log_content_type_id_c4bce8eb" ON "django_admin_log" ("content_type_id");
CREATE INDEX IF NOT EXISTS "django_admin_log_user_id_c564eba6" ON "django_admin_log" ("user_id");
CREATE UNIQUE INDEX "django_content_type_app_label_model_76bd3d3b_uniq" ON "django_content_type" ("app_label", "model");
CREATE UNIQUE INDEX "auth_permission_content_type_id_codename_01ab375a_uniq" ON "auth_permission" ("content_type_id", "codename");
CREATE INDEX IF NOT EXISTS "auth_permission_content_type_id_2f476e4b" ON "auth_permission" ("content_type_id");
CREATE INDEX IF NOT EXISTS "django_session_expire_date_a5c62663" ON "django_session" ("expire_date");
CREATE INDEX IF NOT EXISTS "projects_project_category_id_708edb98" ON "projects_project" ("category_id");
CREATE UNIQUE INDEX "services_service_process_service_id_serviceprocess_id_2bfd1b5f_uniq" ON "services_service_process" ("service_id", "serviceprocess_id");
CREATE INDEX IF NOT EXISTS "services_service_process_service_id_d7527454" ON "services_service_process" ("service_id");
CREATE INDEX IF NOT EXISTS "services_service_process_serviceprocess_id_37f8f061" ON "services_service_process" ("serviceprocess_id");
CREATE UNIQUE INDEX "projects_project_features_project_id_projectfeatures_id_ff03286c_uniq" ON "projects_project_features" ("project_id", "projectfeatures_id");
CREATE INDEX IF NOT EXISTS "projects_project_features_project_id_893316a3" ON "projects_project_features" ("project_id");
CREATE INDEX IF NOT EXISTS "projects_project_features_projectfeatures_id_f42b40c2" ON "projects_project_features" ("projectfeatures_id");
CREATE INDEX IF NOT EXISTS "blogs_blogtable_category_id_d15ed988" ON "blogs_blogtable" ("category_id");
CREATE UNIQUE INDEX "projects_project_Applications_project_id_projectapplications_id_bc721cc5_uniq" ON "projects_project_Applications" ("project_id", "projectapplications_id");
CREATE INDEX IF NOT EXISTS "projects_project_Applications_project_id_debac6dd" ON "projects_project_Applications" ("project_id");
CREATE INDEX IF NOT EXISTS "projects_project_Applications_projectapplications_id_47c279ce" ON "projects_project_Applications" ("projectapplications_id");
CREATE UNIQUE INDEX "BlogApp_blogtable_process_blogtable_id_steps_id_99e9bd9c_uniq" ON "BlogApp_blogtable_process" ("blogtable_id", "steps_id");
CREATE INDEX IF NOT EXISTS "BlogApp_blogtable_process_blogtable_id_75de20f4" ON "BlogApp_blogtable_process" ("blogtable_id");
CREATE INDEX IF NOT EXISTS "BlogApp_blogtable_process_steps_id_e42a7e5c" ON "BlogApp_blogtable_process" ("steps_id");
CREATE INDEX IF NOT EXISTS "BlogApp_blogtable_category_id_3d0254c1" ON "BlogApp_blogtable" ("category_id");
CREATE TABLE IF NOT EXISTS "projects_project_features" ("id" integer NOT NULL PRIMARY KEY AUTOINCREMENT, "project_id" bigint NOT NULL REFERENCES "projects_project" ("id") DEFERRABLE INITIALLY DEFERRED, "projectfeatures_id" bigint NOT NULL REFERENCES "projects_projectfeatures" ("id") DEFERRABLE INITIALLY DEFERRED);
INSERT INTO "projects_project_features" VALUES(1,1,1);
INSERT INTO "projects_project_features" VALUES(2,1,2);
INSERT INTO "projects_project_features" VALUES(3,1,3);
INSERT INTO "projects_project_features" VALUES(4,1,4);
INSERT INTO "projects_project_features" VALUES(5,1,5);
INSERT INTO "projects_project_features" VALUES(7,1,6);
CREATE UNIQUE INDEX "auth_group_permissions_group_id_permission_id_0cd325b0_uniq" ON "auth_group_permissions" ("group_id", "permission_id");
CREATE INDEX IF NOT EXISTS "auth_group_permissions_group_id_b120cbf9" ON "auth_group_permissions" ("group_id");
CREATE INDEX IF NOT EXISTS "auth_group_permissions_permission_id_84c5c92e" ON "auth_group_permissions" ("permission_id");
CREATE UNIQUE INDEX "auth_user_groups_user_id_group_id_94350c0c_uniq" ON "auth_user_groups" ("user_id", "group_id");
CREATE INDEX IF NOT EXISTS "auth_user_groups_user_id_6a12ed8b" ON "auth_user_groups" ("user_id");
CREATE INDEX IF NOT EXISTS "auth_user_groups_group_id_97559544" ON "auth_user_groups" ("group_id");
CREATE UNIQUE INDEX "auth_user_user_permissions_user_id_permission_id_14a6b632_uniq" ON "auth_user_user_permissions" ("user_id", "permission_id");
CREATE INDEX IF NOT EXISTS "auth_user_user_permissions_user_id_a95ead1b" ON "auth_user_user_permissions" ("user_id");
CREATE INDEX IF NOT EXISTS "auth_user_user_permissions_permission_id_1fbb5f2c" ON "auth_user_user_permissions" ("permission_id");
CREATE INDEX IF NOT EXISTS "django_admin_log_content_type_id_c4bce8eb" ON "django_admin_log" ("content_type_id");
CREATE INDEX IF NOT EXISTS "django_admin_log_user_id_c564eba6" ON "django_admin_log" ("user_id");
CREATE UNIQUE INDEX "django_content_type_app_label_model_76bd3d3b_uniq" ON "django_content_type" ("app_label", "model");
CREATE UNIQUE INDEX "auth_permission_content_type_id_codename_01ab375a_uniq" ON "auth_permission" ("content_type_id", "codename");
CREATE INDEX IF NOT EXISTS "auth_permission_content_type_id_2f476e4b" ON "auth_permission" ("content_type_id");
CREATE INDEX IF NOT EXISTS "django_session_expire_date_a5c62663" ON "django_session" ("expire_date");
CREATE INDEX IF NOT EXISTS "projects_project_category_id_708edb98" ON "projects_project" ("category_id");
CREATE UNIQUE INDEX "services_service_process_service_id_serviceprocess_id_2bfd1b5f_uniq" ON "services_service_process" ("service_id", "serviceprocess_id");
CREATE INDEX IF NOT EXISTS "services_service_process_service_id_d7527454" ON "services_service_process" ("service_id");
CREATE INDEX IF NOT EXISTS "services_service_process_serviceprocess_id_37f8f061" ON "services_service_process" ("serviceprocess_id");
CREATE UNIQUE INDEX "projects_project_features_project_id_projectfeatures_id_ff03286c_uniq" ON "projects_project_features" ("project_id", "projectfeatures_id");
CREATE INDEX IF NOT EXISTS "projects_project_features_project_id_893316a3" ON "projects_project_features" ("project_id");
CREATE INDEX IF NOT EXISTS "projects_project_features_projectfeatures_id_f42b40c2" ON "projects_project_features" ("projectfeatures_id");
CREATE INDEX IF NOT EXISTS "blogs_blogtable_category_id_d15ed988" ON "blogs_blogtable" ("category_id");
CREATE UNIQUE INDEX "projects_project_Applications_project_id_projectapplications_id_bc721cc5_uniq" ON "projects_project_Applications" ("project_id", "projectapplications_id");
CREATE INDEX IF NOT EXISTS "projects_project_Applications_project_id_debac6dd" ON "projects_project_Applications" ("project_id");
CREATE INDEX IF NOT EXISTS "projects_project_Applications_projectapplications_id_47c279ce" ON "projects_project_Applications" ("projectapplications_id");
CREATE UNIQUE INDEX "BlogApp_blogtable_process_blogtable_id_steps_id_99e9bd9c_uniq" ON "BlogApp_blogtable_process" ("blogtable_id", "steps_id");
CREATE INDEX IF NOT EXISTS "BlogApp_blogtable_process_blogtable_id_75de20f4" ON "BlogApp_blogtable_process" ("blogtable_id");
CREATE INDEX IF NOT EXISTS "BlogApp_blogtable_process_steps_id_e42a7e5c" ON "BlogApp_blogtable_process" ("steps_id");
CREATE INDEX IF NOT EXISTS "BlogApp_blogtable_category_id_3d0254c1" ON "BlogApp_blogtable" ("category_id");
CREATE TABLE IF NOT EXISTS "projects_projectapplications" ("id" integer NOT NULL PRIMARY KEY AUTOINCREMENT, "title" varchar(255) NOT NULL, "description" text NOT NULL);
INSERT INTO "projects_projectapplications" VALUES(1,'Movie Enthusiasts','Movie enthusiasts can explore a new dimension of movie recommendations tailored to their current emotional states, enhancing their cinematic experiences.');
INSERT INTO "projects_projectapplications" VALUES(2,'Movie Streaming Platforms','Emotion is Everything can be integrated with movie streaming platforms, offering users a unique and personalized recommendation feature.');
INSERT INTO "projects_projectapplications" VALUES(3,'Entertainment Industry','In the entertainment industry, the platform can be leveraged to analyze audience reactions during movie screenings and gauge emotional responses for marketing purposes.');
INSERT INTO "projects_projectapplications" VALUES(4,'Psychological Research','Emotion is Everything can find applications in psychological research, helping professionals understand emotional triggers and responses to movies.');
CREATE UNIQUE INDEX "auth_group_permissions_group_id_permission_id_0cd325b0_uniq" ON "auth_group_permissions" ("group_id", "permission_id");
CREATE INDEX IF NOT EXISTS "auth_group_permissions_group_id_b120cbf9" ON "auth_group_permissions" ("group_id");
CREATE INDEX IF NOT EXISTS "auth_group_permissions_permission_id_84c5c92e" ON "auth_group_permissions" ("permission_id");
CREATE UNIQUE INDEX "auth_user_groups_user_id_group_id_94350c0c_uniq" ON "auth_user_groups" ("user_id", "group_id");
CREATE INDEX IF NOT EXISTS "auth_user_groups_user_id_6a12ed8b" ON "auth_user_groups" ("user_id");
CREATE INDEX IF NOT EXISTS "auth_user_groups_group_id_97559544" ON "auth_user_groups" ("group_id");
CREATE UNIQUE INDEX "auth_user_user_permissions_user_id_permission_id_14a6b632_uniq" ON "auth_user_user_permissions" ("user_id", "permission_id");
CREATE INDEX IF NOT EXISTS "auth_user_user_permissions_user_id_a95ead1b" ON "auth_user_user_permissions" ("user_id");
CREATE INDEX IF NOT EXISTS "auth_user_user_permissions_permission_id_1fbb5f2c" ON "auth_user_user_permissions" ("permission_id");
CREATE INDEX IF NOT EXISTS "django_admin_log_content_type_id_c4bce8eb" ON "django_admin_log" ("content_type_id");
CREATE INDEX IF NOT EXISTS "django_admin_log_user_id_c564eba6" ON "django_admin_log" ("user_id");
CREATE UNIQUE INDEX "django_content_type_app_label_model_76bd3d3b_uniq" ON "django_content_type" ("app_label", "model");
CREATE UNIQUE INDEX "auth_permission_content_type_id_codename_01ab375a_uniq" ON "auth_permission" ("content_type_id", "codename");
CREATE INDEX IF NOT EXISTS "auth_permission_content_type_id_2f476e4b" ON "auth_permission" ("content_type_id");
CREATE INDEX IF NOT EXISTS "django_session_expire_date_a5c62663" ON "django_session" ("expire_date");
CREATE INDEX IF NOT EXISTS "projects_project_category_id_708edb98" ON "projects_project" ("category_id");
CREATE UNIQUE INDEX "services_service_process_service_id_serviceprocess_id_2bfd1b5f_uniq" ON "services_service_process" ("service_id", "serviceprocess_id");
CREATE INDEX IF NOT EXISTS "services_service_process_service_id_d7527454" ON "services_service_process" ("service_id");
CREATE INDEX IF NOT EXISTS "services_service_process_serviceprocess_id_37f8f061" ON "services_service_process" ("serviceprocess_id");
CREATE UNIQUE INDEX "projects_project_features_project_id_projectfeatures_id_ff03286c_uniq" ON "projects_project_features" ("project_id", "projectfeatures_id");
CREATE INDEX IF NOT EXISTS "projects_project_features_project_id_893316a3" ON "projects_project_features" ("project_id");
CREATE INDEX IF NOT EXISTS "projects_project_features_projectfeatures_id_f42b40c2" ON "projects_project_features" ("projectfeatures_id");
CREATE INDEX IF NOT EXISTS "blogs_blogtable_category_id_d15ed988" ON "blogs_blogtable" ("category_id");
CREATE UNIQUE INDEX "projects_project_Applications_project_id_projectapplications_id_bc721cc5_uniq" ON "projects_project_Applications" ("project_id", "projectapplications_id");
CREATE INDEX IF NOT EXISTS "projects_project_Applications_project_id_debac6dd" ON "projects_project_Applications" ("project_id");
CREATE INDEX IF NOT EXISTS "projects_project_Applications_projectapplications_id_47c279ce" ON "projects_project_Applications" ("projectapplications_id");
CREATE UNIQUE INDEX "BlogApp_blogtable_process_blogtable_id_steps_id_99e9bd9c_uniq" ON "BlogApp_blogtable_process" ("blogtable_id", "steps_id");
CREATE INDEX IF NOT EXISTS "BlogApp_blogtable_process_blogtable_id_75de20f4" ON "BlogApp_blogtable_process" ("blogtable_id");
CREATE INDEX IF NOT EXISTS "BlogApp_blogtable_process_steps_id_e42a7e5c" ON "BlogApp_blogtable_process" ("steps_id");
CREATE INDEX IF NOT EXISTS "BlogApp_blogtable_category_id_3d0254c1" ON "BlogApp_blogtable" ("category_id");
CREATE TABLE IF NOT EXISTS "projects_projectcategory" ("id" integer NOT NULL PRIMARY KEY AUTOINCREMENT, "name" varchar(255) NOT NULL, "description" text NOT NULL, "slug" varchar(50) NOT NULL UNIQUE);
INSERT INTO "projects_projectcategory" VALUES(1,'Python','Python is a programming language that lets you work quickly and integrate systems more effectively','python');
CREATE UNIQUE INDEX "auth_group_permissions_group_id_permission_id_0cd325b0_uniq" ON "auth_group_permissions" ("group_id", "permission_id");
CREATE INDEX IF NOT EXISTS "auth_group_permissions_group_id_b120cbf9" ON "auth_group_permissions" ("group_id");
CREATE INDEX IF NOT EXISTS "auth_group_permissions_permission_id_84c5c92e" ON "auth_group_permissions" ("permission_id");
CREATE UNIQUE INDEX "auth_user_groups_user_id_group_id_94350c0c_uniq" ON "auth_user_groups" ("user_id", "group_id");
CREATE INDEX IF NOT EXISTS "auth_user_groups_user_id_6a12ed8b" ON "auth_user_groups" ("user_id");
CREATE INDEX IF NOT EXISTS "auth_user_groups_group_id_97559544" ON "auth_user_groups" ("group_id");
CREATE UNIQUE INDEX "auth_user_user_permissions_user_id_permission_id_14a6b632_uniq" ON "auth_user_user_permissions" ("user_id", "permission_id");
CREATE INDEX IF NOT EXISTS "auth_user_user_permissions_user_id_a95ead1b" ON "auth_user_user_permissions" ("user_id");
CREATE INDEX IF NOT EXISTS "auth_user_user_permissions_permission_id_1fbb5f2c" ON "auth_user_user_permissions" ("permission_id");
CREATE INDEX IF NOT EXISTS "django_admin_log_content_type_id_c4bce8eb" ON "django_admin_log" ("content_type_id");
CREATE INDEX IF NOT EXISTS "django_admin_log_user_id_c564eba6" ON "django_admin_log" ("user_id");
CREATE UNIQUE INDEX "django_content_type_app_label_model_76bd3d3b_uniq" ON "django_content_type" ("app_label", "model");
CREATE UNIQUE INDEX "auth_permission_content_type_id_codename_01ab375a_uniq" ON "auth_permission" ("content_type_id", "codename");
CREATE INDEX IF NOT EXISTS "auth_permission_content_type_id_2f476e4b" ON "auth_permission" ("content_type_id");
CREATE INDEX IF NOT EXISTS "django_session_expire_date_a5c62663" ON "django_session" ("expire_date");
CREATE INDEX IF NOT EXISTS "projects_project_category_id_708edb98" ON "projects_project" ("category_id");
CREATE UNIQUE INDEX "services_service_process_service_id_serviceprocess_id_2bfd1b5f_uniq" ON "services_service_process" ("service_id", "serviceprocess_id");
CREATE INDEX IF NOT EXISTS "services_service_process_service_id_d7527454" ON "services_service_process" ("service_id");
CREATE INDEX IF NOT EXISTS "services_service_process_serviceprocess_id_37f8f061" ON "services_service_process" ("serviceprocess_id");
CREATE UNIQUE INDEX "projects_project_features_project_id_projectfeatures_id_ff03286c_uniq" ON "projects_project_features" ("project_id", "projectfeatures_id");
CREATE INDEX IF NOT EXISTS "projects_project_features_project_id_893316a3" ON "projects_project_features" ("project_id");
CREATE INDEX IF NOT EXISTS "projects_project_features_projectfeatures_id_f42b40c2" ON "projects_project_features" ("projectfeatures_id");
CREATE INDEX IF NOT EXISTS "blogs_blogtable_category_id_d15ed988" ON "blogs_blogtable" ("category_id");
CREATE UNIQUE INDEX "projects_project_Applications_project_id_projectapplications_id_bc721cc5_uniq" ON "projects_project_Applications" ("project_id", "projectapplications_id");
CREATE INDEX IF NOT EXISTS "projects_project_Applications_project_id_debac6dd" ON "projects_project_Applications" ("project_id");
CREATE INDEX IF NOT EXISTS "projects_project_Applications_projectapplications_id_47c279ce" ON "projects_project_Applications" ("projectapplications_id");
CREATE UNIQUE INDEX "BlogApp_blogtable_process_blogtable_id_steps_id_99e9bd9c_uniq" ON "BlogApp_blogtable_process" ("blogtable_id", "steps_id");
CREATE INDEX IF NOT EXISTS "BlogApp_blogtable_process_blogtable_id_75de20f4" ON "BlogApp_blogtable_process" ("blogtable_id");
CREATE INDEX IF NOT EXISTS "BlogApp_blogtable_process_steps_id_e42a7e5c" ON "BlogApp_blogtable_process" ("steps_id");
CREATE INDEX IF NOT EXISTS "BlogApp_blogtable_category_id_3d0254c1" ON "BlogApp_blogtable" ("category_id");
CREATE TABLE IF NOT EXISTS "projects_projectfeatures" ("id" integer NOT NULL PRIMARY KEY AUTOINCREMENT, "title" varchar(255) NOT NULL, "description" text NOT NULL);
INSERT INTO "projects_projectfeatures" VALUES(1,'Facial Emotion Analysis','Emotion is Everything employs the Deepface library and CV2 to analyze facial expressions in real-time. By detecting emotions such as joy, sadness, anger, fear, and more, the platform gains valuable insights into users'' emotional states.');
INSERT INTO "projects_projectfeatures" VALUES(2,'Personalized Movie Recommendations','Leveraging the emotions detected, the platform offers personalized movie recommendations to users. Whether they seek heartwarming comedies, thrilling adventures, or thought-provoking dramas, Emotion is Everything has the perfect movie in store.');
INSERT INTO "projects_projectfeatures" VALUES(3,'User-Friendly Interface','The platform boasts a user-friendly interface with a seamless user experience. Navigating through movie recommendations based on emotions becomes intuitive and engaging.');
INSERT INTO "projects_projectfeatures" VALUES(4,'Extensive Movie Database','Emotion is Everything houses an extensive movie database, ensuring a diverse selection of movies catering to various emotional preferences.');
INSERT INTO "projects_projectfeatures" VALUES(5,'Privacy and Security','Privacy and data security are paramount. Emotion is Everything prioritizes safeguarding users'' facial data and emotions, providing a safe and trustworthy experience.');
INSERT INTO "projects_projectfeatures" VALUES(6,'Real-Time Updates','The platform continuously adapts to users'' evolving emotional states, ensuring movie recommendations remain relevant and enjoyable.');
CREATE UNIQUE INDEX "auth_group_permissions_group_id_permission_id_0cd325b0_uniq" ON "auth_group_permissions" ("group_id", "permission_id");
CREATE INDEX IF NOT EXISTS "auth_group_permissions_group_id_b120cbf9" ON "auth_group_permissions" ("group_id");
CREATE INDEX IF NOT EXISTS "auth_group_permissions_permission_id_84c5c92e" ON "auth_group_permissions" ("permission_id");
CREATE UNIQUE INDEX "auth_user_groups_user_id_group_id_94350c0c_uniq" ON "auth_user_groups" ("user_id", "group_id");
CREATE INDEX IF NOT EXISTS "auth_user_groups_user_id_6a12ed8b" ON "auth_user_groups" ("user_id");
CREATE INDEX IF NOT EXISTS "auth_user_groups_group_id_97559544" ON "auth_user_groups" ("group_id");
CREATE UNIQUE INDEX "auth_user_user_permissions_user_id_permission_id_14a6b632_uniq" ON "auth_user_user_permissions" ("user_id", "permission_id");
CREATE INDEX IF NOT EXISTS "auth_user_user_permissions_user_id_a95ead1b" ON "auth_user_user_permissions" ("user_id");
CREATE INDEX IF NOT EXISTS "auth_user_user_permissions_permission_id_1fbb5f2c" ON "auth_user_user_permissions" ("permission_id");
CREATE INDEX IF NOT EXISTS "django_admin_log_content_type_id_c4bce8eb" ON "django_admin_log" ("content_type_id");
CREATE INDEX IF NOT EXISTS "django_admin_log_user_id_c564eba6" ON "django_admin_log" ("user_id");
CREATE UNIQUE INDEX "django_content_type_app_label_model_76bd3d3b_uniq" ON "django_content_type" ("app_label", "model");
CREATE UNIQUE INDEX "auth_permission_content_type_id_codename_01ab375a_uniq" ON "auth_permission" ("content_type_id", "codename");
CREATE INDEX IF NOT EXISTS "auth_permission_content_type_id_2f476e4b" ON "auth_permission" ("content_type_id");
CREATE INDEX IF NOT EXISTS "django_session_expire_date_a5c62663" ON "django_session" ("expire_date");
CREATE INDEX IF NOT EXISTS "projects_project_category_id_708edb98" ON "projects_project" ("category_id");
CREATE UNIQUE INDEX "services_service_process_service_id_serviceprocess_id_2bfd1b5f_uniq" ON "services_service_process" ("service_id", "serviceprocess_id");
CREATE INDEX IF NOT EXISTS "services_service_process_service_id_d7527454" ON "services_service_process" ("service_id");
CREATE INDEX IF NOT EXISTS "services_service_process_serviceprocess_id_37f8f061" ON "services_service_process" ("serviceprocess_id");
CREATE UNIQUE INDEX "projects_project_features_project_id_projectfeatures_id_ff03286c_uniq" ON "projects_project_features" ("project_id", "projectfeatures_id");
CREATE INDEX IF NOT EXISTS "projects_project_features_project_id_893316a3" ON "projects_project_features" ("project_id");
CREATE INDEX IF NOT EXISTS "projects_project_features_projectfeatures_id_f42b40c2" ON "projects_project_features" ("projectfeatures_id");
CREATE INDEX IF NOT EXISTS "blogs_blogtable_category_id_d15ed988" ON "blogs_blogtable" ("category_id");
CREATE UNIQUE INDEX "projects_project_Applications_project_id_projectapplications_id_bc721cc5_uniq" ON "projects_project_Applications" ("project_id", "projectapplications_id");
CREATE INDEX IF NOT EXISTS "projects_project_Applications_project_id_debac6dd" ON "projects_project_Applications" ("project_id");
CREATE INDEX IF NOT EXISTS "projects_project_Applications_projectapplications_id_47c279ce" ON "projects_project_Applications" ("projectapplications_id");
CREATE UNIQUE INDEX "BlogApp_blogtable_process_blogtable_id_steps_id_99e9bd9c_uniq" ON "BlogApp_blogtable_process" ("blogtable_id", "steps_id");
CREATE INDEX IF NOT EXISTS "BlogApp_blogtable_process_blogtable_id_75de20f4" ON "BlogApp_blogtable_process" ("blogtable_id");
CREATE INDEX IF NOT EXISTS "BlogApp_blogtable_process_steps_id_e42a7e5c" ON "BlogApp_blogtable_process" ("steps_id");
CREATE INDEX IF NOT EXISTS "BlogApp_blogtable_category_id_3d0254c1" ON "BlogApp_blogtable" ("category_id");
CREATE TABLE IF NOT EXISTS "services_service" ("id" integer NOT NULL PRIMARY KEY AUTOINCREMENT, "meta_description" text NOT NULL, "long_description" text NOT NULL, "image" varchar(100) NOT NULL, "slug" varchar(50) NOT NULL UNIQUE, "service_name" varchar(255) NOT NULL, "meta_title" varchar(555) NOT NULL);
INSERT INTO "services_service" VALUES(1,'Get top-notch web development services from Pythoncoding4u. Our team of experts creates stunning, responsive, and user-friendly websites tailored to your business needs.','At Pythoncoding4u, we specialize in providing high-quality web development services that help businesses establish a strong online presence. Our team of experienced developers is dedicated to creating websites that are not only visually appealing but also functional and user-friendly. Whether you need a simple landing page or a complex e-commerce platform, we have the expertise to deliver solutions that meet your specific requirements.
<br> <br>
Our web development services include custom website design, responsive web development, CMS integration, e-commerce solutions, and website maintenance. We use the latest technologies and best practices to ensure your website is fast, secure, and optimized for search engines.','services/flat-web-development-concept-cms_23-2148809683.jpg','web-development','Web Development','Professional Web Development Services | Pythoncoding4u');
CREATE UNIQUE INDEX "auth_group_permissions_group_id_permission_id_0cd325b0_uniq" ON "auth_group_permissions" ("group_id", "permission_id");
CREATE INDEX IF NOT EXISTS "auth_group_permissions_group_id_b120cbf9" ON "auth_group_permissions" ("group_id");
CREATE INDEX IF NOT EXISTS "auth_group_permissions_permission_id_84c5c92e" ON "auth_group_permissions" ("permission_id");
CREATE UNIQUE INDEX "auth_user_groups_user_id_group_id_94350c0c_uniq" ON "auth_user_groups" ("user_id", "group_id");
CREATE INDEX IF NOT EXISTS "auth_user_groups_user_id_6a12ed8b" ON "auth_user_groups" ("user_id");
CREATE INDEX IF NOT EXISTS "auth_user_groups_group_id_97559544" ON "auth_user_groups" ("group_id");
CREATE UNIQUE INDEX "auth_user_user_permissions_user_id_permission_id_14a6b632_uniq" ON "auth_user_user_permissions" ("user_id", "permission_id");
CREATE INDEX IF NOT EXISTS "auth_user_user_permissions_user_id_a95ead1b" ON "auth_user_user_permissions" ("user_id");
CREATE INDEX IF NOT EXISTS "auth_user_user_permissions_permission_id_1fbb5f2c" ON "auth_user_user_permissions" ("permission_id");
CREATE INDEX IF NOT EXISTS "django_admin_log_content_type_id_c4bce8eb" ON "django_admin_log" ("content_type_id");
CREATE INDEX IF NOT EXISTS "django_admin_log_user_id_c564eba6" ON "django_admin_log" ("user_id");
CREATE UNIQUE INDEX "django_content_type_app_label_model_76bd3d3b_uniq" ON "django_content_type" ("app_label", "model");
CREATE UNIQUE INDEX "auth_permission_content_type_id_codename_01ab375a_uniq" ON "auth_permission" ("content_type_id", "codename");
CREATE INDEX IF NOT EXISTS "auth_permission_content_type_id_2f476e4b" ON "auth_permission" ("content_type_id");
CREATE INDEX IF NOT EXISTS "django_session_expire_date_a5c62663" ON "django_session" ("expire_date");
CREATE INDEX IF NOT EXISTS "projects_project_category_id_708edb98" ON "projects_project" ("category_id");
CREATE UNIQUE INDEX "services_service_process_service_id_serviceprocess_id_2bfd1b5f_uniq" ON "services_service_process" ("service_id", "serviceprocess_id");
CREATE INDEX IF NOT EXISTS "services_service_process_service_id_d7527454" ON "services_service_process" ("service_id");
CREATE INDEX IF NOT EXISTS "services_service_process_serviceprocess_id_37f8f061" ON "services_service_process" ("serviceprocess_id");
CREATE UNIQUE INDEX "projects_project_features_project_id_projectfeatures_id_ff03286c_uniq" ON "projects_project_features" ("project_id", "projectfeatures_id");
CREATE INDEX IF NOT EXISTS "projects_project_features_project_id_893316a3" ON "projects_project_features" ("project_id");
CREATE INDEX IF NOT EXISTS "projects_project_features_projectfeatures_id_f42b40c2" ON "projects_project_features" ("projectfeatures_id");
CREATE INDEX IF NOT EXISTS "blogs_blogtable_category_id_d15ed988" ON "blogs_blogtable" ("category_id");
CREATE UNIQUE INDEX "projects_project_Applications_project_id_projectapplications_id_bc721cc5_uniq" ON "projects_project_Applications" ("project_id", "projectapplications_id");
CREATE INDEX IF NOT EXISTS "projects_project_Applications_project_id_debac6dd" ON "projects_project_Applications" ("project_id");
CREATE INDEX IF NOT EXISTS "projects_project_Applications_projectapplications_id_47c279ce" ON "projects_project_Applications" ("projectapplications_id");
CREATE UNIQUE INDEX "BlogApp_blogtable_process_blogtable_id_steps_id_99e9bd9c_uniq" ON "BlogApp_blogtable_process" ("blogtable_id", "steps_id");
CREATE INDEX IF NOT EXISTS "BlogApp_blogtable_process_blogtable_id_75de20f4" ON "BlogApp_blogtable_process" ("blogtable_id");
CREATE INDEX IF NOT EXISTS "BlogApp_blogtable_process_steps_id_e42a7e5c" ON "BlogApp_blogtable_process" ("steps_id");
CREATE INDEX IF NOT EXISTS "BlogApp_blogtable_category_id_3d0254c1" ON "BlogApp_blogtable" ("category_id");
CREATE TABLE IF NOT EXISTS "services_service_process" ("id" integer NOT NULL PRIMARY KEY AUTOINCREMENT, "service_id" bigint NOT NULL REFERENCES "services_service" ("id") DEFERRABLE INITIALLY DEFERRED, "serviceprocess_id" bigint NOT NULL REFERENCES "services_serviceprocess" ("id") DEFERRABLE INITIALLY DEFERRED);
INSERT INTO "services_service_process" VALUES(1,1,1);
INSERT INTO "services_service_process" VALUES(9,1,2);
INSERT INTO "services_service_process" VALUES(10,1,3);
INSERT INTO "services_service_process" VALUES(11,1,4);
INSERT INTO "services_service_process" VALUES(12,1,5);
INSERT INTO "services_service_process" VALUES(13,1,6);
INSERT INTO "services_service_process" VALUES(14,1,7);
INSERT INTO "services_service_process" VALUES(15,1,8);
CREATE UNIQUE INDEX "auth_group_permissions_group_id_permission_id_0cd325b0_uniq" ON "auth_group_permissions" ("group_id", "permission_id");
CREATE INDEX IF NOT EXISTS "auth_group_permissions_group_id_b120cbf9" ON "auth_group_permissions" ("group_id");
CREATE INDEX IF NOT EXISTS "auth_group_permissions_permission_id_84c5c92e" ON "auth_group_permissions" ("permission_id");
CREATE UNIQUE INDEX "auth_user_groups_user_id_group_id_94350c0c_uniq" ON "auth_user_groups" ("user_id", "group_id");
CREATE INDEX IF NOT EXISTS "auth_user_groups_user_id_6a12ed8b" ON "auth_user_groups" ("user_id");
CREATE INDEX IF NOT EXISTS "auth_user_groups_group_id_97559544" ON "auth_user_groups" ("group_id");
CREATE UNIQUE INDEX "auth_user_user_permissions_user_id_permission_id_14a6b632_uniq" ON "auth_user_user_permissions" ("user_id", "permission_id");
CREATE INDEX IF NOT EXISTS "auth_user_user_permissions_user_id_a95ead1b" ON "auth_user_user_permissions" ("user_id");
CREATE INDEX IF NOT EXISTS "auth_user_user_permissions_permission_id_1fbb5f2c" ON "auth_user_user_permissions" ("permission_id");
CREATE INDEX IF NOT EXISTS "django_admin_log_content_type_id_c4bce8eb" ON "django_admin_log" ("content_type_id");
CREATE INDEX IF NOT EXISTS "django_admin_log_user_id_c564eba6" ON "django_admin_log" ("user_id");
CREATE UNIQUE INDEX "django_content_type_app_label_model_76bd3d3b_uniq" ON "django_content_type" ("app_label", "model");
CREATE UNIQUE INDEX "auth_permission_content_type_id_codename_01ab375a_uniq" ON "auth_permission" ("content_type_id", "codename");
CREATE INDEX IF NOT EXISTS "auth_permission_content_type_id_2f476e4b" ON "auth_permission" ("content_type_id");
CREATE INDEX IF NOT EXISTS "django_session_expire_date_a5c62663" ON "django_session" ("expire_date");
CREATE INDEX IF NOT EXISTS "projects_project_category_id_708edb98" ON "projects_project" ("category_id");
CREATE UNIQUE INDEX "services_service_process_service_id_serviceprocess_id_2bfd1b5f_uniq" ON "services_service_process" ("service_id", "serviceprocess_id");
CREATE INDEX IF NOT EXISTS "services_service_process_service_id_d7527454" ON "services_service_process" ("service_id");
CREATE INDEX IF NOT EXISTS "services_service_process_serviceprocess_id_37f8f061" ON "services_service_process" ("serviceprocess_id");
CREATE UNIQUE INDEX "projects_project_features_project_id_projectfeatures_id_ff03286c_uniq" ON "projects_project_features" ("project_id", "projectfeatures_id");
CREATE INDEX IF NOT EXISTS "projects_project_features_project_id_893316a3" ON "projects_project_features" ("project_id");
CREATE INDEX IF NOT EXISTS "projects_project_features_projectfeatures_id_f42b40c2" ON "projects_project_features" ("projectfeatures_id");
CREATE INDEX IF NOT EXISTS "blogs_blogtable_category_id_d15ed988" ON "blogs_blogtable" ("category_id");
CREATE UNIQUE INDEX "projects_project_Applications_project_id_projectapplications_id_bc721cc5_uniq" ON "projects_project_Applications" ("project_id", "projectapplications_id");
CREATE INDEX IF NOT EXISTS "projects_project_Applications_project_id_debac6dd" ON "projects_project_Applications" ("project_id");
CREATE INDEX IF NOT EXISTS "projects_project_Applications_projectapplications_id_47c279ce" ON "projects_project_Applications" ("projectapplications_id");
CREATE UNIQUE INDEX "BlogApp_blogtable_process_blogtable_id_steps_id_99e9bd9c_uniq" ON "BlogApp_blogtable_process" ("blogtable_id", "steps_id");
CREATE INDEX IF NOT EXISTS "BlogApp_blogtable_process_blogtable_id_75de20f4" ON "BlogApp_blogtable_process" ("blogtable_id");
CREATE INDEX IF NOT EXISTS "BlogApp_blogtable_process_steps_id_e42a7e5c" ON "BlogApp_blogtable_process" ("steps_id");
CREATE INDEX IF NOT EXISTS "BlogApp_blogtable_category_id_3d0254c1" ON "BlogApp_blogtable" ("category_id");
CREATE TABLE IF NOT EXISTS "services_serviceprocess" ("id" integer NOT NULL PRIMARY KEY AUTOINCREMENT, "image" varchar(100) NOT NULL, "title" varchar(255) NOT NULL, "number" integer unsigned NOT NULL CHECK ("number" >= 0), "description" text NOT NULL, "bottom_tag" text NOT NULL, "top_tag" text NOT NULL);
INSERT INTO "services_serviceprocess" VALUES(1,'service_process/gynecology-consultation-illustration_52683-45777.jpg','Initial Consultation',1,'Begin by engaging with the client to thoroughly understand their business objectives, target audience, and specific requirements for the website. This involves discussing desired features, design preferences, and any integrations needed to ensure the website aligns with their strategic goals.','<p></p>','<div class="stg-row stg-bottom-gap stg-valign-middle  stg-m-bottom-gap-l" data-unload="fade-left">
                    <div class="stg-col-3 stg-offset-3 stg-tp-col-6 stg-m-bottom-gap" data-appear="fade-right">');
INSERT INTO "services_serviceprocess" VALUES(2,'service_process/hand-drawn-business-deal-background_23-2148109452.jpg','Proposal Creation',2,'Develop a comprehensive proposal that outlines the project scope, including detailed descriptions of the required functionalities, design elements, and technical specifications. Provide an estimated timeline and cost breakdown, allowing the client to make informed decisions.','<div class="stg-col-3"><!-- Empty Column --></div>','<div class="stg-row stg-bottom-gap stg-valign-middle stg-tp-row-reverse stg-m-bottom-gap-l" data-unload="fade-right">
                    <div class="stg-col-3 stg-tp-col-6 stg-m-bottom-gap" data-appear="fade-left">');
INSERT INTO "services_serviceprocess" VALUES(3,'service_process/landing-page-concept-with-people-office_23-2147776298.jpg','Planning',3,'Create a detailed project plan that includes defining project milestones, deliverables, and timelines. Develop a site map that outlines the structure and navigation of the website, and select the appropriate technology stack that best suits the projects needs and scalability.','<p></p>','<div class="stg-row stg-bottom-gap stg-valign-middle  stg-m-bottom-gap-l" data-unload="fade-left">
                    <div class="stg-col-3 stg-offset-3 stg-tp-col-6 stg-m-bottom-gap" data-appear="fade-right">');
INSERT INTO "services_serviceprocess" VALUES(4,'service_process/colorful-web-design-concept-with-isometric-perspective_23-2147943644.jpg','Design',4,'Initiate the design phase by creating wireframes that represent the layout and user interface of the website. These wireframes are transformed into high-fidelity design mockups or interactive prototypes. Review these designs with the client, making necessary adjustments based on their feedback to ensure the final design meets their vision.','<div class="stg-col-3"><!-- Empty Column --></div>','<div class="stg-row stg-bottom-gap stg-valign-middle stg-tp-row-reverse stg-m-bottom-gap-l" data-unload="fade-right">
                    <div class="stg-col-3 stg-tp-col-6 stg-m-bottom-gap" data-appear="fade-left">');
INSERT INTO "services_serviceprocess" VALUES(5,'service_process/flat-design-illustration-web-developers_23-2148817995.jpg','Development',5,'Begin the development phase by coding both the front-end and back-end components of the website. The front-end development focuses on creating a responsive and interactive user interface, while the back-end development involves setting up server-side components, databases, and APIs to support the websites functionality. Integrate the content provided by the client, including text, images, and multimedia.','<p></p>','<div class="stg-row stg-bottom-gap stg-valign-middle  stg-m-bottom-gap-l" data-unload="fade-left">
                    <div class="stg-col-3 stg-offset-3 stg-tp-col-6 stg-m-bottom-gap" data-appear="fade-right">');
INSERT INTO "services_serviceprocess" VALUES(6,'service_process/software-code-testing-concept-illustration_114360-8414.jpg','Testing',6,'Conduct a thorough testing phase to ensure that all website features work as intended. This includes functionality testing, cross-browser and device compatibility checks, performance optimization, and security assessments. Address any issues identified during testing and make necessary improvements.','<div class="stg-col-3"><!-- Empty Column --></div>','<div class="stg-row stg-bottom-gap stg-valign-middle stg-tp-row-reverse stg-m-bottom-gap-l" data-unload="fade-right">
                    <div class="stg-col-3 stg-tp-col-6 stg-m-bottom-gap" data-appear="fade-left">');
INSERT INTO "services_serviceprocess" VALUES(7,'service_process/yyyyyy.jpg','Final Review and Deployment',7,'Perform a final review with the client to confirm that the website meets their expectations. Once approved, deploy the website to the live server, ensuring a smooth transition from development to production.','<p></p>','<div class="stg-row stg-bottom-gap stg-valign-middle  stg-m-bottom-gap-l" data-unload="fade-left">
                    <div class="stg-col-3 stg-offset-3 stg-tp-col-6 stg-m-bottom-gap" data-appear="fade-right">');
INSERT INTO "services_serviceprocess" VALUES(8,'service_process/email-messagingemail-marketing-campaignworking-process-new-email-message_cRMYdJp.jpg','Post-Launch Maintenance',8,'Provide ongoing maintenance services to keep the website up-to-date and secure. This includes regular updates, bug fixes, performance monitoring, and addressing any issues that arise to ensure the website continues to function optimally.','<div class="stg-col-3"><!-- Empty Column --></div>','<div class="stg-row stg-bottom-gap stg-valign-middle stg-tp-row-reverse stg-m-bottom-gap-l" data-unload="fade-right">
                    <div class="stg-col-3 stg-tp-col-6 stg-m-bottom-gap" data-appear="fade-left">');
CREATE UNIQUE INDEX "auth_group_permissions_group_id_permission_id_0cd325b0_uniq" ON "auth_group_permissions" ("group_id", "permission_id");
CREATE INDEX IF NOT EXISTS "auth_group_permissions_group_id_b120cbf9" ON "auth_group_permissions" ("group_id");
CREATE INDEX IF NOT EXISTS "auth_group_permissions_permission_id_84c5c92e" ON "auth_group_permissions" ("permission_id");
CREATE UNIQUE INDEX "auth_user_groups_user_id_group_id_94350c0c_uniq" ON "auth_user_groups" ("user_id", "group_id");
CREATE INDEX IF NOT EXISTS "auth_user_groups_user_id_6a12ed8b" ON "auth_user_groups" ("user_id");
CREATE INDEX IF NOT EXISTS "auth_user_groups_group_id_97559544" ON "auth_user_groups" ("group_id");
CREATE UNIQUE INDEX "auth_user_user_permissions_user_id_permission_id_14a6b632_uniq" ON "auth_user_user_permissions" ("user_id", "permission_id");
CREATE INDEX IF NOT EXISTS "auth_user_user_permissions_user_id_a95ead1b" ON "auth_user_user_permissions" ("user_id");
CREATE INDEX IF NOT EXISTS "auth_user_user_permissions_permission_id_1fbb5f2c" ON "auth_user_user_permissions" ("permission_id");
CREATE INDEX IF NOT EXISTS "django_admin_log_content_type_id_c4bce8eb" ON "django_admin_log" ("content_type_id");
CREATE INDEX IF NOT EXISTS "django_admin_log_user_id_c564eba6" ON "django_admin_log" ("user_id");
CREATE UNIQUE INDEX "django_content_type_app_label_model_76bd3d3b_uniq" ON "django_content_type" ("app_label", "model");
CREATE UNIQUE INDEX "auth_permission_content_type_id_codename_01ab375a_uniq" ON "auth_permission" ("content_type_id", "codename");
CREATE INDEX IF NOT EXISTS "auth_permission_content_type_id_2f476e4b" ON "auth_permission" ("content_type_id");
CREATE INDEX IF NOT EXISTS "django_session_expire_date_a5c62663" ON "django_session" ("expire_date");
CREATE INDEX IF NOT EXISTS "projects_project_category_id_708edb98" ON "projects_project" ("category_id");
CREATE UNIQUE INDEX "services_service_process_service_id_serviceprocess_id_2bfd1b5f_uniq" ON "services_service_process" ("service_id", "serviceprocess_id");
CREATE INDEX IF NOT EXISTS "services_service_process_service_id_d7527454" ON "services_service_process" ("service_id");
CREATE INDEX IF NOT EXISTS "services_service_process_serviceprocess_id_37f8f061" ON "services_service_process" ("serviceprocess_id");
CREATE UNIQUE INDEX "projects_project_features_project_id_projectfeatures_id_ff03286c_uniq" ON "projects_project_features" ("project_id", "projectfeatures_id");
CREATE INDEX IF NOT EXISTS "projects_project_features_project_id_893316a3" ON "projects_project_features" ("project_id");
CREATE INDEX IF NOT EXISTS "projects_project_features_projectfeatures_id_f42b40c2" ON "projects_project_features" ("projectfeatures_id");
CREATE INDEX IF NOT EXISTS "blogs_blogtable_category_id_d15ed988" ON "blogs_blogtable" ("category_id");
CREATE UNIQUE INDEX "projects_project_Applications_project_id_projectapplications_id_bc721cc5_uniq" ON "projects_project_Applications" ("project_id", "projectapplications_id");
CREATE INDEX IF NOT EXISTS "projects_project_Applications_project_id_debac6dd" ON "projects_project_Applications" ("project_id");
CREATE INDEX IF NOT EXISTS "projects_project_Applications_projectapplications_id_47c279ce" ON "projects_project_Applications" ("projectapplications_id");
CREATE UNIQUE INDEX "BlogApp_blogtable_process_blogtable_id_steps_id_99e9bd9c_uniq" ON "BlogApp_blogtable_process" ("blogtable_id", "steps_id");
CREATE INDEX IF NOT EXISTS "BlogApp_blogtable_process_blogtable_id_75de20f4" ON "BlogApp_blogtable_process" ("blogtable_id");
CREATE INDEX IF NOT EXISTS "BlogApp_blogtable_process_steps_id_e42a7e5c" ON "BlogApp_blogtable_process" ("steps_id");
CREATE INDEX IF NOT EXISTS "BlogApp_blogtable_category_id_3d0254c1" ON "BlogApp_blogtable" ("category_id");
CREATE TABLE IF NOT EXISTS "testmonials_testimonial" ("id" integer NOT NULL PRIMARY KEY AUTOINCREMENT, "name" varchar(255) NOT NULL, "designation" varchar(255) NOT NULL, "feedback" text NOT NULL, "rating" smallint unsigned NOT NULL CHECK ("rating" >= 0));
INSERT INTO "testmonials_testimonial" VALUES(1,'Rahul Sharma','CEO of Tech Innovators','Working with Pythoncoding4u was a game-changer for our business. Their team built a stunning website and a seamless mobile app that significantly boosted our online presence and user engagement. Their professionalism and attention to detail were evident from start to finish. We highly recommend their development services!',5);
INSERT INTO "testmonials_testimonial" VALUES(2,'Krishna Raut','CTO of Health Solutions','Our collaboration with Pythoncoding4u on our mobile app was outstanding. The app they delivered was user-friendly, visually appealing, and met all our functional requirements. Their team was responsive and dedicated to ensuring our satisfaction. We couldn''t be happier with the results.',5);
CREATE UNIQUE INDEX "auth_group_permissions_group_id_permission_id_0cd325b0_uniq" ON "auth_group_permissions" ("group_id", "permission_id");
CREATE INDEX IF NOT EXISTS "auth_group_permissions_group_id_b120cbf9" ON "auth_group_permissions" ("group_id");
CREATE INDEX IF NOT EXISTS "auth_group_permissions_permission_id_84c5c92e" ON "auth_group_permissions" ("permission_id");
CREATE UNIQUE INDEX "auth_user_groups_user_id_group_id_94350c0c_uniq" ON "auth_user_groups" ("user_id", "group_id");
CREATE INDEX IF NOT EXISTS "auth_user_groups_user_id_6a12ed8b" ON "auth_user_groups" ("user_id");
CREATE INDEX IF NOT EXISTS "auth_user_groups_group_id_97559544" ON "auth_user_groups" ("group_id");
CREATE UNIQUE INDEX "auth_user_user_permissions_user_id_permission_id_14a6b632_uniq" ON "auth_user_user_permissions" ("user_id", "permission_id");
CREATE INDEX IF NOT EXISTS "auth_user_user_permissions_user_id_a95ead1b" ON "auth_user_user_permissions" ("user_id");
CREATE INDEX IF NOT EXISTS "auth_user_user_permissions_permission_id_1fbb5f2c" ON "auth_user_user_permissions" ("permission_id");
CREATE INDEX IF NOT EXISTS "django_admin_log_content_type_id_c4bce8eb" ON "django_admin_log" ("content_type_id");
CREATE INDEX IF NOT EXISTS "django_admin_log_user_id_c564eba6" ON "django_admin_log" ("user_id");
CREATE UNIQUE INDEX "django_content_type_app_label_model_76bd3d3b_uniq" ON "django_content_type" ("app_label", "model");
CREATE UNIQUE INDEX "auth_permission_content_type_id_codename_01ab375a_uniq" ON "auth_permission" ("content_type_id", "codename");
CREATE INDEX IF NOT EXISTS "auth_permission_content_type_id_2f476e4b" ON "auth_permission" ("content_type_id");
CREATE INDEX IF NOT EXISTS "django_session_expire_date_a5c62663" ON "django_session" ("expire_date");
CREATE INDEX IF NOT EXISTS "projects_project_category_id_708edb98" ON "projects_project" ("category_id");
CREATE UNIQUE INDEX "services_service_process_service_id_serviceprocess_id_2bfd1b5f_uniq" ON "services_service_process" ("service_id", "serviceprocess_id");
CREATE INDEX IF NOT EXISTS "services_service_process_service_id_d7527454" ON "services_service_process" ("service_id");
CREATE INDEX IF NOT EXISTS "services_service_process_serviceprocess_id_37f8f061" ON "services_service_process" ("serviceprocess_id");
CREATE UNIQUE INDEX "projects_project_features_project_id_projectfeatures_id_ff03286c_uniq" ON "projects_project_features" ("project_id", "projectfeatures_id");
CREATE INDEX IF NOT EXISTS "projects_project_features_project_id_893316a3" ON "projects_project_features" ("project_id");
CREATE INDEX IF NOT EXISTS "projects_project_features_projectfeatures_id_f42b40c2" ON "projects_project_features" ("projectfeatures_id");
CREATE INDEX IF NOT EXISTS "blogs_blogtable_category_id_d15ed988" ON "blogs_blogtable" ("category_id");
CREATE UNIQUE INDEX "projects_project_Applications_project_id_projectapplications_id_bc721cc5_uniq" ON "projects_project_Applications" ("project_id", "projectapplications_id");
CREATE INDEX IF NOT EXISTS "projects_project_Applications_project_id_debac6dd" ON "projects_project_Applications" ("project_id");
CREATE INDEX IF NOT EXISTS "projects_project_Applications_projectapplications_id_47c279ce" ON "projects_project_Applications" ("projectapplications_id");
CREATE UNIQUE INDEX "BlogApp_blogtable_process_blogtable_id_steps_id_99e9bd9c_uniq" ON "BlogApp_blogtable_process" ("blogtable_id", "steps_id");
CREATE INDEX IF NOT EXISTS "BlogApp_blogtable_process_blogtable_id_75de20f4" ON "BlogApp_blogtable_process" ("blogtable_id");
CREATE INDEX IF NOT EXISTS "BlogApp_blogtable_process_steps_id_e42a7e5c" ON "BlogApp_blogtable_process" ("steps_id");
CREATE INDEX IF NOT EXISTS "BlogApp_blogtable_category_id_3d0254c1" ON "BlogApp_blogtable" ("category_id");
